/*
SQLyog Community v13.1.9 (64 bit)
MySQL - 8.0.31 : Database - controlador_web
*********************************************************************
*/

/*!40101 SET NAMES utf8 */;

/*!40101 SET SQL_MODE=''*/;

/*!40014 SET @OLD_UNIQUE_CHECKS=@@UNIQUE_CHECKS, UNIQUE_CHECKS=0 */;
/*!40014 SET @OLD_FOREIGN_KEY_CHECKS=@@FOREIGN_KEY_CHECKS, FOREIGN_KEY_CHECKS=0 */;
/*!40101 SET @OLD_SQL_MODE=@@SQL_MODE, SQL_MODE='NO_AUTO_VALUE_ON_ZERO' */;
/*!40111 SET @OLD_SQL_NOTES=@@SQL_NOTES, SQL_NOTES=0 */;
CREATE DATABASE /*!32312 IF NOT EXISTS*/`controlador_web` /*!40100 DEFAULT CHARACTER SET utf8mb4 COLLATE utf8mb4_0900_ai_ci */ /*!80016 DEFAULT ENCRYPTION='N' */;

USE `controlador_web`;

/*Table structure for table `bitacora` */

DROP TABLE IF EXISTS `bitacora`;

CREATE TABLE `bitacora` (
  `id` int NOT NULL AUTO_INCREMENT,
  `id_paginas` int DEFAULT NULL,
  `codigo` varchar(50) DEFAULT NULL,
  `error` varchar(50) DEFAULT NULL,
  `fecha` timestamp NULL DEFAULT CURRENT_TIMESTAMP,
  PRIMARY KEY (`id`)
) ENGINE=InnoDB AUTO_INCREMENT=1498 DEFAULT CHARSET=utf8mb4 COLLATE=utf8mb4_0900_ai_ci;

/*Data for the table `bitacora` */

insert  into `bitacora`(`id`,`id_paginas`,`codigo`,`error`,`fecha`) values 
(1,1,'404',NULL,'2023-05-22 16:13:55'),
(2,1,'404',NULL,'2023-05-22 16:23:49'),
(3,2,'400',NULL,'2023-05-22 20:32:43'),
(4,2,'404',NULL,'2023-05-23 09:39:22'),
(5,2,'404',NULL,'2023-05-23 09:41:22'),
(6,2,'404',NULL,'2023-05-23 09:43:22'),
(7,2,'404',NULL,'2023-05-23 09:45:22'),
(8,2,'404',NULL,'2023-05-23 09:47:22'),
(9,2,'404',NULL,'2023-05-23 09:49:22'),
(10,2,'404',NULL,'2023-05-23 09:51:22'),
(11,2,'404',NULL,'2023-05-23 09:53:22'),
(12,2,'404',NULL,'2023-05-23 09:55:22'),
(13,2,'404',NULL,'2023-05-23 09:57:22'),
(14,2,'404',NULL,'2023-05-23 09:59:22'),
(15,2,'404',NULL,'2023-05-23 10:01:22'),
(16,2,'404',NULL,'2023-05-23 10:03:23'),
(17,2,'404',NULL,'2023-05-23 10:05:23'),
(18,2,'404',NULL,'2023-05-23 10:07:24'),
(19,2,'404',NULL,'2023-05-23 10:09:26'),
(20,2,'404',NULL,'2023-05-23 10:11:28'),
(21,2,'404',NULL,'2023-05-23 10:13:30'),
(22,2,'404',NULL,'2023-05-23 10:15:32'),
(23,2,'404',NULL,'2023-05-23 10:17:34'),
(24,2,'404',NULL,'2023-05-23 10:19:36'),
(25,2,'404',NULL,'2023-05-23 10:21:38'),
(26,2,'404',NULL,'2023-05-23 10:23:40'),
(27,2,'404',NULL,'2023-05-23 10:25:42'),
(28,2,'404',NULL,'2023-05-23 10:27:44'),
(29,2,'404',NULL,'2023-05-23 10:29:46'),
(30,2,'404',NULL,'2023-05-23 10:31:48'),
(31,2,'404',NULL,'2023-05-23 10:33:50'),
(32,2,'404',NULL,'2023-05-23 10:35:52'),
(33,2,'404',NULL,'2023-05-23 10:37:23'),
(34,2,'404',NULL,'2023-05-23 10:39:23'),
(35,2,'404',NULL,'2023-05-23 10:41:23'),
(36,2,'404',NULL,'2023-05-23 10:43:24'),
(37,2,'404',NULL,'2023-05-23 10:45:26'),
(38,2,'404',NULL,'2023-05-23 10:47:28'),
(39,2,'404',NULL,'2023-05-23 10:49:30'),
(40,2,'404',NULL,'2023-05-23 10:51:32'),
(41,2,'404',NULL,'2023-05-23 10:53:34'),
(42,2,'404',NULL,'2023-05-23 10:55:36'),
(43,2,'404',NULL,'2023-05-23 10:57:38'),
(44,2,'404',NULL,'2023-05-23 10:59:40'),
(45,2,'404',NULL,'2023-05-23 11:01:42'),
(46,2,'404',NULL,'2023-05-23 11:03:44'),
(47,2,'404',NULL,'2023-05-23 11:05:46'),
(48,2,'404',NULL,'2023-05-23 11:07:48'),
(49,2,'404',NULL,'2023-05-23 11:09:50'),
(50,2,'404',NULL,'2023-05-23 11:11:52'),
(51,2,'404',NULL,'2023-05-23 11:13:54'),
(52,2,'404',NULL,'2023-05-23 11:15:56'),
(53,2,'404',NULL,'2023-05-23 11:17:58'),
(54,2,'404',NULL,'2023-05-23 11:20:00'),
(55,2,'404',NULL,'2023-05-23 11:22:02'),
(56,2,'404',NULL,'2023-05-23 11:24:04'),
(57,2,'404',NULL,'2023-05-23 11:26:06'),
(58,2,'404',NULL,'2023-05-23 11:28:08'),
(59,2,'404',NULL,'2023-05-23 11:30:10'),
(60,2,'404',NULL,'2023-05-23 11:32:12'),
(61,2,'404',NULL,'2023-05-23 11:34:14'),
(62,2,'404',NULL,'2023-05-23 11:36:16'),
(63,2,'404',NULL,'2023-05-23 11:38:18'),
(64,2,'404',NULL,'2023-05-23 11:40:19'),
(65,2,'404',NULL,'2023-05-23 11:42:19'),
(66,2,'404',NULL,'2023-05-23 11:43:20'),
(67,2,'404',NULL,'2023-05-23 11:45:21'),
(68,2,'404',NULL,'2023-05-23 11:47:21'),
(69,2,'404',NULL,'2023-05-23 11:49:21'),
(70,2,'404',NULL,'2023-05-23 11:51:21'),
(71,2,'404',NULL,'2023-05-23 11:53:26'),
(72,2,'404',NULL,'2023-05-23 11:55:28'),
(73,2,'404',NULL,'2023-05-23 11:57:30'),
(74,2,'404',NULL,'2023-05-23 11:59:32'),
(75,2,'404',NULL,'2023-05-23 12:01:34'),
(76,2,'404',NULL,'2023-05-23 12:03:36'),
(77,2,'404',NULL,'2023-05-23 12:05:38'),
(78,2,'404',NULL,'2023-05-23 12:07:40'),
(79,2,'404',NULL,'2023-05-23 12:09:42'),
(80,2,'404',NULL,'2023-05-23 12:11:44'),
(81,2,'404',NULL,'2023-05-23 12:13:46'),
(82,2,'404',NULL,'2023-05-23 12:15:48'),
(83,2,'404',NULL,'2023-05-23 12:17:50'),
(84,2,'404',NULL,'2023-05-23 12:19:52'),
(85,2,'404',NULL,'2023-05-23 12:21:54'),
(86,2,'404',NULL,'2023-05-23 12:23:56'),
(87,2,'404',NULL,'2023-05-23 12:25:58'),
(88,2,'404',NULL,'2023-05-23 12:28:00'),
(89,2,'404',NULL,'2023-05-23 12:30:02'),
(90,2,'404',NULL,'2023-05-23 12:32:04'),
(91,2,'404',NULL,'2023-05-23 12:34:06'),
(92,2,'404',NULL,'2023-05-23 12:36:08'),
(93,2,'404',NULL,'2023-05-23 12:38:10'),
(94,2,'404',NULL,'2023-05-23 12:40:12'),
(95,2,'404',NULL,'2023-05-23 12:42:14'),
(96,2,'404',NULL,'2023-05-23 12:44:16'),
(97,2,'404',NULL,'2023-05-23 12:46:18'),
(98,2,'404',NULL,'2023-05-23 12:47:21'),
(99,2,'404',NULL,'2023-05-23 12:48:33'),
(100,2,'404',NULL,'2023-05-23 12:48:38'),
(101,2,'404',NULL,'2023-05-23 12:48:44'),
(102,2,'404',NULL,'2023-05-23 12:49:21'),
(103,2,'404',NULL,'2023-05-23 12:49:52'),
(104,2,'404',NULL,'2023-05-23 12:50:12'),
(105,2,'404',NULL,'2023-05-23 12:50:23'),
(106,2,'404',NULL,'2023-05-23 12:50:42'),
(107,2,'404',NULL,'2023-05-23 12:52:42'),
(108,2,'404',NULL,'2023-05-23 12:54:42'),
(109,2,'404',NULL,'2023-05-23 12:56:42'),
(110,2,'404',NULL,'2023-05-23 12:56:47'),
(111,2,'404',NULL,'2023-05-23 12:57:20'),
(112,2,'404',NULL,'2023-05-23 12:57:39'),
(113,2,'404',NULL,'2023-05-23 12:57:48'),
(114,2,'404',NULL,'2023-05-23 12:58:48'),
(115,2,'404',NULL,'2023-05-23 12:59:06'),
(116,2,'404',NULL,'2023-05-23 13:00:14'),
(117,2,'404',NULL,'2023-05-23 13:02:14'),
(118,2,'404',NULL,'2023-05-23 13:02:15'),
(119,2,'404',NULL,'2023-05-23 13:02:52'),
(120,2,'404',NULL,'2023-05-23 13:03:14'),
(121,2,'404',NULL,'2023-05-23 13:03:41'),
(122,2,'404',NULL,'2023-05-23 13:03:50'),
(123,2,'404',NULL,'2023-05-23 13:04:38'),
(124,2,'404',NULL,'2023-05-23 13:04:47'),
(125,2,'404',NULL,'2023-05-23 13:05:25'),
(126,2,'404',NULL,'2023-05-23 13:06:10'),
(127,2,'404',NULL,'2023-05-23 13:06:31'),
(128,2,'404',NULL,'2023-05-23 13:06:43'),
(129,2,'404',NULL,'2023-05-23 13:07:07'),
(130,2,'404',NULL,'2023-05-23 13:07:21'),
(131,2,'404',NULL,'2023-05-23 13:09:21'),
(132,2,'404',NULL,'2023-05-23 13:10:24'),
(133,2,'404',NULL,'2023-05-23 13:12:24'),
(134,2,'404',NULL,'2023-05-23 13:14:24'),
(135,2,'404',NULL,'2023-05-23 13:16:24'),
(136,2,'404',NULL,'2023-05-23 13:18:20'),
(137,2,'404',NULL,'2023-05-23 13:20:21'),
(138,2,'404',NULL,'2023-05-23 13:21:26'),
(139,2,'404',NULL,'2023-05-23 13:23:26'),
(140,2,'404',NULL,'2023-05-23 13:23:52'),
(141,2,'404',NULL,'2023-05-23 13:24:28'),
(142,2,'404',NULL,'2023-05-23 13:25:26'),
(143,2,'404',NULL,'2023-05-23 13:27:26'),
(144,2,'404',NULL,'2023-05-23 13:28:13'),
(145,2,'404',NULL,'2023-05-23 13:29:40'),
(146,2,'404',NULL,'2023-05-23 13:29:42'),
(147,2,'404',NULL,'2023-05-23 13:29:45'),
(148,2,'404',NULL,'2023-05-23 13:29:46'),
(149,2,'404',NULL,'2023-05-23 13:29:48'),
(150,2,'404',NULL,'2023-05-23 13:29:51'),
(151,2,'404',NULL,'2023-05-23 13:29:53'),
(152,2,'404',NULL,'2023-05-23 13:30:22'),
(153,2,'404',NULL,'2023-05-23 13:30:25'),
(154,2,'404',NULL,'2023-05-23 13:30:28'),
(155,2,'404',NULL,'2023-05-23 13:30:34'),
(156,2,'404',NULL,'2023-05-23 13:30:37'),
(157,2,'404',NULL,'2023-05-23 13:30:39'),
(158,2,'404',NULL,'2023-05-23 13:30:41'),
(159,2,'404',NULL,'2023-05-23 13:30:47'),
(160,2,'404',NULL,'2023-05-23 13:31:33'),
(161,2,'404',NULL,'2023-05-23 13:31:36'),
(162,8,'404',NULL,'2023-05-23 13:32:05'),
(163,2,'404',NULL,'2023-05-23 13:32:05'),
(164,2,'404',NULL,'2023-05-23 13:32:08'),
(165,8,'404',NULL,'2023-05-23 13:32:08'),
(166,2,'404',NULL,'2023-05-23 13:32:16'),
(167,8,'404',NULL,'2023-05-23 13:32:16'),
(168,2,'404',NULL,'2023-05-23 13:32:43'),
(169,8,'404',NULL,'2023-05-23 13:32:43'),
(170,2,'404',NULL,'2023-05-23 13:32:48'),
(171,8,'404',NULL,'2023-05-23 13:32:48'),
(172,8,'404',NULL,'2023-05-23 13:32:59'),
(173,2,'404',NULL,'2023-05-23 13:32:59'),
(174,2,'404',NULL,'2023-05-23 13:33:01'),
(175,8,'404',NULL,'2023-05-23 13:33:01'),
(176,2,'404',NULL,'2023-05-23 13:33:07'),
(177,8,'404',NULL,'2023-05-23 13:33:07'),
(178,2,'404',NULL,'2023-05-23 13:33:09'),
(179,8,'404',NULL,'2023-05-23 13:33:09'),
(180,2,'404',NULL,'2023-05-23 13:33:13'),
(181,8,'404',NULL,'2023-05-23 13:33:13'),
(182,2,'404',NULL,'2023-05-23 13:33:15'),
(183,8,'404',NULL,'2023-05-23 13:33:15'),
(184,2,'404',NULL,'2023-05-23 13:33:19'),
(185,8,'404',NULL,'2023-05-23 13:33:19'),
(186,2,'404',NULL,'2023-05-23 13:33:22'),
(187,8,'404',NULL,'2023-05-23 13:33:22'),
(188,2,'404',NULL,'2023-05-23 13:33:36'),
(189,8,'404',NULL,'2023-05-23 13:33:36'),
(190,2,'404',NULL,'2023-05-23 13:33:46'),
(191,8,'404',NULL,'2023-05-23 13:33:46'),
(192,2,'404',NULL,'2023-05-23 13:34:28'),
(193,8,'404',NULL,'2023-05-23 13:34:28'),
(194,2,'404',NULL,'2023-05-23 13:34:39'),
(195,8,'404',NULL,'2023-05-23 13:34:39'),
(196,8,'404',NULL,'2023-05-23 13:34:59'),
(197,2,'404',NULL,'2023-05-23 13:34:59'),
(198,2,'404',NULL,'2023-05-23 13:35:15'),
(199,8,'404',NULL,'2023-05-23 13:35:15'),
(200,8,'404',NULL,'2023-05-23 13:35:34'),
(201,2,'404',NULL,'2023-05-23 13:35:34'),
(202,2,'404',NULL,'2023-05-23 13:35:36'),
(203,8,'404',NULL,'2023-05-23 13:35:36'),
(204,2,'404',NULL,'2023-05-23 13:35:41'),
(205,8,'404',NULL,'2023-05-23 13:35:41'),
(206,2,'404',NULL,'2023-05-23 13:35:44'),
(207,8,'404',NULL,'2023-05-23 13:35:44'),
(208,2,'404',NULL,'2023-05-23 13:35:48'),
(209,8,'404',NULL,'2023-05-23 13:35:48'),
(210,2,'404',NULL,'2023-05-23 13:35:52'),
(211,8,'404',NULL,'2023-05-23 13:35:52'),
(212,2,'404',NULL,'2023-05-23 13:37:52'),
(213,8,'404',NULL,'2023-05-23 13:37:52'),
(214,2,'404',NULL,'2023-05-23 13:39:09'),
(215,8,'404',NULL,'2023-05-23 13:39:09'),
(216,2,'404',NULL,'2023-05-23 13:39:40'),
(217,8,'404',NULL,'2023-05-23 13:39:40'),
(218,8,'404',NULL,'2023-05-23 13:40:17'),
(219,2,'404',NULL,'2023-05-23 13:40:17'),
(220,2,'404',NULL,'2023-05-23 13:40:36'),
(221,8,'404',NULL,'2023-05-23 13:40:36'),
(222,2,'404',NULL,'2023-05-23 13:40:48'),
(223,8,'404',NULL,'2023-05-23 13:40:48'),
(224,2,'404',NULL,'2023-05-23 13:40:50'),
(225,8,'404',NULL,'2023-05-23 13:40:50'),
(226,2,'404',NULL,'2023-05-23 13:41:45'),
(227,8,'404',NULL,'2023-05-23 13:41:45'),
(228,2,'404',NULL,'2023-05-23 13:42:09'),
(229,8,'404',NULL,'2023-05-23 13:42:09'),
(230,8,'404',NULL,'2023-05-23 13:42:56'),
(231,2,'404',NULL,'2023-05-23 13:42:57'),
(232,2,'404',NULL,'2023-05-23 13:43:14'),
(233,8,'404',NULL,'2023-05-23 13:43:14'),
(234,2,'404',NULL,'2023-05-23 13:43:21'),
(235,8,'404',NULL,'2023-05-23 13:43:21'),
(236,2,'404',NULL,'2023-05-23 13:43:34'),
(237,8,'404',NULL,'2023-05-23 13:43:34'),
(238,2,'404',NULL,'2023-05-23 13:43:36'),
(239,8,'404',NULL,'2023-05-23 13:43:36'),
(240,2,'404',NULL,'2023-05-23 13:43:40'),
(241,8,'404',NULL,'2023-05-23 13:43:40'),
(242,8,'404',NULL,'2023-05-23 13:43:49'),
(243,2,'404',NULL,'2023-05-23 13:43:49'),
(244,2,'404',NULL,'2023-05-23 13:44:20'),
(245,8,'404',NULL,'2023-05-23 13:44:20'),
(246,2,'404',NULL,'2023-05-23 13:46:20'),
(247,8,'404',NULL,'2023-05-23 13:46:20'),
(248,8,'404',NULL,'2023-05-23 13:48:20'),
(249,2,'404',NULL,'2023-05-23 13:48:20'),
(250,2,'404',NULL,'2023-05-23 13:50:20'),
(251,8,'404',NULL,'2023-05-23 13:50:20'),
(252,8,'404',NULL,'2023-05-23 13:52:20'),
(253,2,'404',NULL,'2023-05-23 13:52:20'),
(254,2,'404',NULL,'2023-05-23 13:54:25'),
(255,8,'404',NULL,'2023-05-23 13:54:25'),
(256,2,'404',NULL,'2023-05-23 13:56:27'),
(257,8,'404',NULL,'2023-05-23 13:56:27'),
(258,2,'404',NULL,'2023-05-23 13:58:29'),
(259,8,'404',NULL,'2023-05-23 13:58:29'),
(260,2,'404',NULL,'2023-05-23 14:00:31'),
(261,8,'404',NULL,'2023-05-23 14:00:31'),
(262,2,'404',NULL,'2023-05-23 14:02:33'),
(263,8,'404',NULL,'2023-05-23 14:02:33'),
(264,2,'404',NULL,'2023-05-23 14:04:35'),
(265,8,'404',NULL,'2023-05-23 14:04:35'),
(266,2,'404',NULL,'2023-05-23 14:06:37'),
(267,8,'404',NULL,'2023-05-23 14:06:37'),
(268,2,'404',NULL,'2023-05-23 14:06:54'),
(269,8,'404',NULL,'2023-05-23 14:06:54'),
(270,2,'404',NULL,'2023-05-23 14:07:01'),
(271,8,'404',NULL,'2023-05-23 14:07:01'),
(272,2,'404',NULL,'2023-05-23 14:07:36'),
(273,8,'404',NULL,'2023-05-23 14:07:36'),
(274,2,'404',NULL,'2023-05-23 14:07:39'),
(275,8,'404',NULL,'2023-05-23 14:07:39'),
(276,2,'404',NULL,'2023-05-23 14:07:53'),
(277,8,'404',NULL,'2023-05-23 14:07:53'),
(278,2,'404',NULL,'2023-05-23 14:59:28'),
(279,8,'404',NULL,'2023-05-23 14:59:28'),
(280,2,'404',NULL,'2023-05-23 15:01:28'),
(281,8,'404',NULL,'2023-05-23 15:01:28'),
(282,2,'404',NULL,'2023-05-23 15:03:28'),
(283,8,'404',NULL,'2023-05-23 15:03:28'),
(284,2,'404',NULL,'2023-05-23 15:05:28'),
(285,8,'404',NULL,'2023-05-23 15:05:28'),
(286,2,'404',NULL,'2023-05-23 15:07:28'),
(287,8,'404',NULL,'2023-05-23 15:07:28'),
(288,2,'404',NULL,'2023-05-23 15:09:28'),
(289,8,'404',NULL,'2023-05-23 15:09:28'),
(290,2,'404',NULL,'2023-05-23 15:11:28'),
(291,8,'404',NULL,'2023-05-23 15:11:28'),
(292,2,'404',NULL,'2023-05-23 15:13:28'),
(293,8,'404',NULL,'2023-05-23 15:13:28'),
(294,2,'404',NULL,'2023-05-23 15:15:29'),
(295,8,'404',NULL,'2023-05-23 15:15:29'),
(296,2,'404',NULL,'2023-05-23 15:17:31'),
(297,8,'404',NULL,'2023-05-23 15:17:31'),
(298,2,'404',NULL,'2023-05-23 15:19:33'),
(299,8,'404',NULL,'2023-05-23 15:19:33'),
(300,2,'404',NULL,'2023-05-23 15:21:35'),
(301,8,'404',NULL,'2023-05-23 15:21:35'),
(302,2,'404',NULL,'2023-05-23 15:23:37'),
(303,8,'404',NULL,'2023-05-23 15:23:37'),
(304,8,'404',NULL,'2023-05-23 15:25:39'),
(305,2,'404',NULL,'2023-05-23 15:25:39'),
(306,2,'404',NULL,'2023-05-23 15:27:41'),
(307,8,'404',NULL,'2023-05-23 15:27:41'),
(308,2,'404',NULL,'2023-05-23 16:45:22'),
(309,8,'404',NULL,'2023-05-23 16:45:22'),
(310,2,'404',NULL,'2023-05-23 16:45:28'),
(311,8,'404',NULL,'2023-05-23 16:45:28'),
(312,2,'404',NULL,'2023-05-23 16:47:28'),
(313,8,'404',NULL,'2023-05-23 16:47:28'),
(314,2,'404',NULL,'2023-05-23 16:49:28'),
(315,8,'404',NULL,'2023-05-23 16:49:28'),
(316,2,'404',NULL,'2023-05-23 16:51:29'),
(317,8,'404',NULL,'2023-05-23 16:51:29'),
(318,2,'404',NULL,'2023-05-23 16:53:31'),
(319,8,'404',NULL,'2023-05-23 16:53:31'),
(320,8,'404',NULL,'2023-05-23 16:55:33'),
(321,2,'404',NULL,'2023-05-23 16:55:33'),
(322,2,'404',NULL,'2023-05-23 16:57:28'),
(323,8,'404',NULL,'2023-05-23 16:57:28'),
(324,2,'404',NULL,'2023-05-23 16:59:28'),
(325,8,'404',NULL,'2023-05-23 16:59:28'),
(326,2,'404',NULL,'2023-05-23 17:01:28'),
(327,8,'404',NULL,'2023-05-23 17:01:28'),
(328,2,'404',NULL,'2023-05-23 17:03:30'),
(329,8,'404',NULL,'2023-05-23 17:03:30'),
(330,2,'404',NULL,'2023-05-23 17:05:32'),
(331,8,'404',NULL,'2023-05-23 17:05:32'),
(332,2,'404',NULL,'2023-05-23 17:07:34'),
(333,8,'404',NULL,'2023-05-23 17:07:34'),
(334,2,'404',NULL,'2023-05-23 17:09:36'),
(335,8,'404',NULL,'2023-05-23 17:09:36'),
(336,2,'404',NULL,'2023-05-23 17:11:38'),
(337,8,'404',NULL,'2023-05-23 17:11:38'),
(338,2,'404',NULL,'2023-05-23 17:13:40'),
(339,8,'404',NULL,'2023-05-23 17:13:40'),
(340,2,'404',NULL,'2023-05-23 17:15:42'),
(341,8,'404',NULL,'2023-05-23 17:15:42'),
(342,2,'404',NULL,'2023-05-23 17:17:44'),
(343,8,'404',NULL,'2023-05-23 17:17:44'),
(344,2,'404',NULL,'2023-05-23 17:19:46'),
(345,8,'404',NULL,'2023-05-23 17:19:46'),
(346,2,'404',NULL,'2023-05-23 17:21:48'),
(347,8,'404',NULL,'2023-05-23 17:21:48'),
(348,2,'404',NULL,'2023-05-23 17:23:50'),
(349,8,'404',NULL,'2023-05-23 17:23:50'),
(350,2,'404',NULL,'2023-05-23 17:25:52'),
(351,8,'404',NULL,'2023-05-23 17:25:52'),
(352,2,'404',NULL,'2023-05-23 17:27:54'),
(353,8,'404',NULL,'2023-05-23 17:27:54'),
(354,2,'404',NULL,'2023-05-23 17:29:56'),
(355,8,'404',NULL,'2023-05-23 17:29:56'),
(356,2,'404',NULL,'2023-05-23 17:31:58'),
(357,8,'404',NULL,'2023-05-23 17:31:58'),
(358,2,'404',NULL,'2023-05-23 17:34:00'),
(359,8,'404',NULL,'2023-05-23 17:34:00'),
(360,2,'404',NULL,'2023-05-23 17:36:02'),
(361,8,'404',NULL,'2023-05-23 17:36:02'),
(362,2,'404',NULL,'2023-05-23 17:38:04'),
(363,8,'404',NULL,'2023-05-23 17:38:04'),
(364,2,'404',NULL,'2023-05-23 17:40:06'),
(365,8,'404',NULL,'2023-05-23 17:40:06'),
(366,2,'404',NULL,'2023-05-23 17:42:08'),
(367,8,'404',NULL,'2023-05-23 17:42:08'),
(368,2,'404',NULL,'2023-05-23 17:44:10'),
(369,8,'404',NULL,'2023-05-23 17:44:10'),
(370,2,'404',NULL,'2023-05-23 17:46:12'),
(371,8,'404',NULL,'2023-05-23 17:46:12'),
(372,2,'404',NULL,'2023-05-23 17:48:14'),
(373,8,'404',NULL,'2023-05-23 17:48:14'),
(374,2,'404',NULL,'2023-05-23 17:50:16'),
(375,8,'404',NULL,'2023-05-23 17:50:16'),
(376,2,'404',NULL,'2023-05-23 17:52:18'),
(377,8,'404',NULL,'2023-05-23 17:52:18'),
(378,2,'404',NULL,'2023-05-23 17:54:19'),
(379,8,'404',NULL,'2023-05-23 17:54:19'),
(380,8,'404',NULL,'2023-05-23 17:56:19'),
(381,2,'404',NULL,'2023-05-23 17:56:19'),
(382,2,'404',NULL,'2023-05-23 17:58:19'),
(383,8,'404',NULL,'2023-05-23 17:58:19'),
(384,8,'404',NULL,'2023-05-23 18:00:19'),
(385,2,'404',NULL,'2023-05-23 18:00:19'),
(386,2,'404',NULL,'2023-05-23 18:02:19'),
(387,8,'404',NULL,'2023-05-23 18:02:19'),
(388,2,'404',NULL,'2023-05-23 18:04:19'),
(389,8,'404',NULL,'2023-05-23 18:04:19'),
(390,2,'404',NULL,'2023-05-23 18:06:19'),
(391,8,'404',NULL,'2023-05-23 18:06:19'),
(392,2,'404',NULL,'2023-05-23 18:08:19'),
(393,8,'404',NULL,'2023-05-23 18:08:19'),
(394,2,'404',NULL,'2023-05-23 18:10:19'),
(395,8,'404',NULL,'2023-05-23 18:10:19'),
(396,2,'404',NULL,'2023-05-23 18:12:19'),
(397,8,'404',NULL,'2023-05-23 18:12:19'),
(398,2,'404',NULL,'2023-05-23 18:14:19'),
(399,8,'404',NULL,'2023-05-23 18:14:19'),
(400,2,'404',NULL,'2023-05-23 18:16:19'),
(401,8,'404',NULL,'2023-05-23 18:16:19'),
(402,2,'404',NULL,'2023-05-23 18:18:19'),
(403,8,'404',NULL,'2023-05-23 18:18:19'),
(404,8,'404',NULL,'2023-05-23 18:20:19'),
(405,2,'404',NULL,'2023-05-23 18:20:19'),
(406,2,'404',NULL,'2023-05-23 18:22:19'),
(407,8,'404',NULL,'2023-05-23 18:22:19'),
(408,2,'404',NULL,'2023-05-23 18:24:19'),
(409,8,'404',NULL,'2023-05-23 18:24:19'),
(410,2,'404',NULL,'2023-05-23 18:26:19'),
(411,8,'404',NULL,'2023-05-23 18:26:19'),
(412,8,'404',NULL,'2023-05-23 18:50:07'),
(413,2,'404',NULL,'2023-05-23 18:50:07'),
(414,2,'404',NULL,'2023-05-23 18:52:07'),
(415,8,'404',NULL,'2023-05-23 18:52:07'),
(416,2,'404',NULL,'2023-05-23 18:54:09'),
(417,8,'404',NULL,'2023-05-23 18:54:09'),
(418,2,'404',NULL,'2023-05-23 18:56:11'),
(419,8,'404',NULL,'2023-05-23 18:56:11'),
(420,2,'404',NULL,'2023-05-23 18:58:13'),
(421,8,'404',NULL,'2023-05-23 18:58:13'),
(422,2,'404',NULL,'2023-05-23 19:00:15'),
(423,8,'404',NULL,'2023-05-23 19:00:15'),
(424,2,'404',NULL,'2023-05-23 19:02:17'),
(425,8,'404',NULL,'2023-05-23 19:02:17'),
(426,2,'404',NULL,'2023-05-23 19:04:19'),
(427,8,'404',NULL,'2023-05-23 19:04:19'),
(428,8,'404',NULL,'2023-05-23 19:05:58'),
(429,2,'404',NULL,'2023-05-23 19:05:58'),
(430,2,'404',NULL,'2023-05-23 19:06:00'),
(431,8,'404',NULL,'2023-05-23 19:06:00'),
(432,2,'404',NULL,'2023-05-24 09:04:34'),
(433,8,'404',NULL,'2023-05-24 09:04:34'),
(434,2,'404',NULL,'2023-05-24 09:04:39'),
(435,8,'404',NULL,'2023-05-24 09:04:39'),
(436,2,'404',NULL,'2023-05-24 09:04:45'),
(437,8,'404',NULL,'2023-05-24 09:04:45'),
(438,2,'404',NULL,'2023-05-24 09:05:02'),
(439,8,'404',NULL,'2023-05-24 09:05:02'),
(440,2,'404',NULL,'2023-05-24 09:05:08'),
(441,8,'404',NULL,'2023-05-24 09:05:08'),
(442,2,'404',NULL,'2023-05-24 09:07:08'),
(443,8,'404',NULL,'2023-05-24 09:07:08'),
(444,2,'404',NULL,'2023-05-24 09:09:08'),
(445,8,'404',NULL,'2023-05-24 09:09:08'),
(446,2,'404',NULL,'2023-05-24 09:11:08'),
(447,8,'404',NULL,'2023-05-24 09:11:08'),
(448,8,'404',NULL,'2023-05-24 09:13:08'),
(449,2,'404',NULL,'2023-05-24 09:13:08'),
(450,2,'404',NULL,'2023-05-24 09:15:12'),
(451,8,'404',NULL,'2023-05-24 09:15:12'),
(452,2,'404',NULL,'2023-05-24 09:25:44'),
(453,8,'404',NULL,'2023-05-24 09:25:44'),
(454,2,'404',NULL,'2023-05-24 09:27:13'),
(455,8,'404',NULL,'2023-05-24 09:27:13'),
(456,2,'404',NULL,'2023-05-24 09:29:13'),
(457,8,'404',NULL,'2023-05-24 09:29:13'),
(458,2,'404',NULL,'2023-05-24 09:31:08'),
(459,8,'404',NULL,'2023-05-24 09:31:08'),
(460,2,'404',NULL,'2023-05-24 09:33:08'),
(461,8,'404',NULL,'2023-05-24 09:33:08'),
(462,8,'404',NULL,'2023-05-24 09:35:08'),
(463,2,'404',NULL,'2023-05-24 09:35:08'),
(464,2,'404',NULL,'2023-05-24 09:37:10'),
(465,8,'404',NULL,'2023-05-24 09:37:10'),
(466,2,'404',NULL,'2023-05-24 09:39:12'),
(467,8,'404',NULL,'2023-05-24 09:39:12'),
(468,2,'404',NULL,'2023-05-24 09:41:13'),
(469,8,'404',NULL,'2023-05-24 09:41:13'),
(470,2,'404',NULL,'2023-05-24 09:43:13'),
(471,8,'404',NULL,'2023-05-24 09:43:13'),
(472,2,'404',NULL,'2023-05-24 09:45:13'),
(473,8,'404',NULL,'2023-05-24 09:45:13'),
(474,2,'404',NULL,'2023-05-24 09:47:13'),
(475,8,'404',NULL,'2023-05-24 09:47:13'),
(476,2,'404',NULL,'2023-05-24 09:49:13'),
(477,8,'404',NULL,'2023-05-24 09:49:13'),
(478,2,'404',NULL,'2023-05-24 09:51:13'),
(479,8,'404',NULL,'2023-05-24 09:51:13'),
(480,2,'404',NULL,'2023-05-24 09:53:13'),
(481,8,'404',NULL,'2023-05-24 09:53:13'),
(482,8,'404',NULL,'2023-05-24 09:55:13'),
(483,2,'404',NULL,'2023-05-24 09:55:13'),
(484,2,'404',NULL,'2023-05-24 09:57:13'),
(485,8,'404',NULL,'2023-05-24 09:57:13'),
(486,2,'404',NULL,'2023-05-24 09:59:13'),
(487,8,'404',NULL,'2023-05-24 09:59:13'),
(488,2,'404',NULL,'2023-05-24 10:01:13'),
(489,8,'404',NULL,'2023-05-24 10:01:13'),
(490,2,'404',NULL,'2023-05-24 10:03:13'),
(491,8,'404',NULL,'2023-05-24 10:03:13'),
(492,2,'404',NULL,'2023-05-24 10:05:13'),
(493,8,'404',NULL,'2023-05-24 10:05:13'),
(494,2,'404',NULL,'2023-05-24 10:07:13'),
(495,8,'404',NULL,'2023-05-24 10:07:13'),
(496,2,'404',NULL,'2023-05-24 10:09:13'),
(497,8,'404',NULL,'2023-05-24 10:09:13'),
(498,2,'404',NULL,'2023-05-24 10:11:13'),
(499,8,'404',NULL,'2023-05-24 10:11:13'),
(500,2,'404',NULL,'2023-05-24 10:13:13'),
(501,8,'404',NULL,'2023-05-24 10:13:13'),
(502,2,'404',NULL,'2023-05-24 10:15:13'),
(503,8,'404',NULL,'2023-05-24 10:15:13'),
(504,2,'404',NULL,'2023-05-24 10:17:13'),
(505,8,'404',NULL,'2023-05-24 10:17:13'),
(506,2,'404',NULL,'2023-05-24 10:19:13'),
(507,8,'404',NULL,'2023-05-24 10:19:13'),
(508,2,'404',NULL,'2023-05-24 10:21:13'),
(509,8,'404',NULL,'2023-05-24 10:21:13'),
(510,2,'404',NULL,'2023-05-24 10:21:59'),
(511,8,'404',NULL,'2023-05-24 10:21:59'),
(512,2,'404',NULL,'2023-05-24 10:22:02'),
(513,8,'404',NULL,'2023-05-24 10:22:02'),
(514,2,'404',NULL,'2023-05-24 10:22:42'),
(515,8,'404',NULL,'2023-05-24 10:22:42'),
(516,8,'404',NULL,'2023-05-24 10:43:33'),
(517,2,'404',NULL,'2023-05-24 10:43:33'),
(518,2,'404',NULL,'2023-05-24 10:43:36'),
(519,8,'404',NULL,'2023-05-24 10:43:36'),
(520,2,'404',NULL,'2023-05-24 10:43:41'),
(521,8,'404',NULL,'2023-05-24 10:43:41'),
(522,2,'404',NULL,'2023-05-24 10:44:34'),
(523,8,'404',NULL,'2023-05-24 10:44:34'),
(524,8,'404',NULL,'2023-05-24 10:47:22'),
(525,2,'404',NULL,'2023-05-24 10:47:22'),
(526,2,'404',NULL,'2023-05-24 10:49:22'),
(527,8,'404',NULL,'2023-05-24 10:49:22'),
(528,2,'404',NULL,'2023-05-24 10:51:23'),
(529,8,'404',NULL,'2023-05-24 10:51:23'),
(530,2,'404',NULL,'2023-05-24 10:56:58'),
(531,8,'404',NULL,'2023-05-24 10:56:58'),
(532,2,'404',NULL,'2023-05-24 10:58:59'),
(533,8,'404',NULL,'2023-05-24 10:58:59'),
(534,2,'404',NULL,'2023-05-24 11:00:59'),
(535,8,'404',NULL,'2023-05-24 11:00:59'),
(536,2,'404',NULL,'2023-05-24 11:02:59'),
(537,8,'404',NULL,'2023-05-24 11:02:59'),
(538,2,'404',NULL,'2023-05-24 11:04:18'),
(539,8,'404',NULL,'2023-05-24 11:04:18'),
(540,8,'404',NULL,'2023-05-24 12:31:39'),
(541,2,'404',NULL,'2023-05-24 12:31:39'),
(542,2,'404',NULL,'2023-05-24 12:33:39'),
(543,8,'404',NULL,'2023-05-24 12:33:39'),
(544,2,'404',NULL,'2023-05-24 12:33:50'),
(545,8,'404',NULL,'2023-05-24 12:33:50'),
(546,2,'404',NULL,'2023-05-24 12:33:54'),
(547,8,'404',NULL,'2023-05-24 12:33:54'),
(548,2,'404',NULL,'2023-05-24 12:33:59'),
(549,8,'404',NULL,'2023-05-24 12:33:59'),
(550,2,'404',NULL,'2023-05-24 12:34:01'),
(551,8,'404',NULL,'2023-05-24 12:34:01'),
(552,2,'404',NULL,'2023-05-24 12:34:06'),
(553,8,'404',NULL,'2023-05-24 12:34:06'),
(554,2,'404',NULL,'2023-05-24 12:34:46'),
(555,8,'404',NULL,'2023-05-24 12:34:46'),
(556,2,'404',NULL,'2023-05-24 12:36:33'),
(557,8,'404',NULL,'2023-05-24 12:36:33'),
(558,2,'404',NULL,'2023-05-24 12:36:43'),
(559,8,'404',NULL,'2023-05-24 12:36:43'),
(560,2,'404',NULL,'2023-05-24 12:38:43'),
(561,8,'404',NULL,'2023-05-24 12:38:43'),
(562,8,'404',NULL,'2023-05-24 12:40:43'),
(563,2,'404',NULL,'2023-05-24 12:40:43'),
(564,2,'404',NULL,'2023-05-24 12:42:43'),
(565,8,'404',NULL,'2023-05-24 12:42:43'),
(566,2,'404',NULL,'2023-05-24 12:44:43'),
(567,8,'404',NULL,'2023-05-24 12:44:43'),
(568,2,'404',NULL,'2023-05-24 12:46:43'),
(569,8,'404',NULL,'2023-05-24 12:46:43'),
(570,2,'404',NULL,'2023-05-24 12:48:43'),
(571,8,'404',NULL,'2023-05-24 12:48:43'),
(572,2,'404',NULL,'2023-05-24 12:50:43'),
(573,8,'404',NULL,'2023-05-24 12:50:43'),
(574,2,'404',NULL,'2023-05-24 12:52:43'),
(575,8,'404',NULL,'2023-05-24 12:52:43'),
(576,2,'404',NULL,'2023-05-24 12:54:43'),
(577,8,'404',NULL,'2023-05-24 12:54:43'),
(578,2,'404',NULL,'2023-05-24 12:56:43'),
(579,8,'404',NULL,'2023-05-24 12:56:43'),
(580,2,'404',NULL,'2023-05-24 12:58:43'),
(581,8,'404',NULL,'2023-05-24 12:58:43'),
(582,2,'404',NULL,'2023-05-24 13:03:43'),
(583,8,'404',NULL,'2023-05-24 13:03:43'),
(584,2,'404',NULL,'2023-05-24 13:05:08'),
(585,8,'404',NULL,'2023-05-24 13:05:08'),
(586,2,'404',NULL,'2023-05-24 13:05:25'),
(587,8,'404',NULL,'2023-05-24 13:05:25'),
(588,8,'404',NULL,'2023-05-24 13:05:36'),
(589,2,'404',NULL,'2023-05-24 13:05:36'),
(590,2,'404',NULL,'2023-05-24 13:07:36'),
(591,8,'404',NULL,'2023-05-24 13:07:36'),
(592,2,'404',NULL,'2023-05-24 13:09:36'),
(593,8,'404',NULL,'2023-05-24 13:09:36'),
(594,2,'404',NULL,'2023-05-24 13:11:36'),
(595,8,'404',NULL,'2023-05-24 13:11:36'),
(596,2,'404',NULL,'2023-05-24 13:13:36'),
(597,8,'404',NULL,'2023-05-24 13:13:36'),
(598,2,'404',NULL,'2023-05-24 13:15:36'),
(599,8,'404',NULL,'2023-05-24 13:15:36'),
(600,2,'404',NULL,'2023-05-24 13:17:36'),
(601,8,'404',NULL,'2023-05-24 13:17:36'),
(602,2,'404',NULL,'2023-05-24 13:17:49'),
(603,8,'404',NULL,'2023-05-24 13:17:49'),
(604,8,'404',NULL,'2023-05-24 13:18:05'),
(605,2,'404',NULL,'2023-05-24 13:18:05'),
(606,2,'404',NULL,'2023-05-24 13:18:08'),
(607,8,'404',NULL,'2023-05-24 13:18:08'),
(608,2,'404',NULL,'2023-05-24 13:18:09'),
(609,8,'404',NULL,'2023-05-24 13:18:09'),
(610,2,'404',NULL,'2023-05-24 13:20:05'),
(611,8,'404',NULL,'2023-05-24 13:20:05'),
(612,2,'404',NULL,'2023-05-24 13:20:12'),
(613,8,'404',NULL,'2023-05-24 13:20:12'),
(614,2,'404',NULL,'2023-05-24 13:22:12'),
(615,8,'404',NULL,'2023-05-24 13:22:12'),
(616,2,'404',NULL,'2023-05-24 13:24:12'),
(617,8,'404',NULL,'2023-05-24 13:24:12'),
(618,2,'404',NULL,'2023-05-24 13:26:12'),
(619,8,'404',NULL,'2023-05-24 13:26:12'),
(620,2,'404',NULL,'2023-05-24 13:28:12'),
(621,8,'404',NULL,'2023-05-24 13:28:12'),
(622,2,'404',NULL,'2023-05-24 13:30:12'),
(623,8,'404',NULL,'2023-05-24 13:30:12'),
(624,2,'404',NULL,'2023-05-24 13:31:17'),
(625,8,'404',NULL,'2023-05-24 13:31:17'),
(626,2,'404',NULL,'2023-05-24 13:31:19'),
(627,8,'404',NULL,'2023-05-24 13:31:19'),
(628,2,'404',NULL,'2023-05-24 13:31:22'),
(629,8,'404',NULL,'2023-05-24 13:31:22'),
(630,2,'404',NULL,'2023-05-24 13:31:54'),
(631,8,'404',NULL,'2023-05-24 13:31:54'),
(632,2,'404',NULL,'2023-05-24 13:32:08'),
(633,8,'404',NULL,'2023-05-24 13:32:08'),
(634,2,'404',NULL,'2023-05-24 13:32:09'),
(635,8,'404',NULL,'2023-05-24 13:32:09'),
(636,2,'404',NULL,'2023-05-24 13:32:09'),
(637,8,'404',NULL,'2023-05-24 13:32:09'),
(638,2,'404',NULL,'2023-05-24 13:32:10'),
(639,8,'404',NULL,'2023-05-24 13:32:10'),
(640,8,'404',NULL,'2023-05-24 13:33:48'),
(641,2,'404',NULL,'2023-05-24 13:33:48'),
(642,2,'404',NULL,'2023-05-24 13:35:49'),
(643,8,'404',NULL,'2023-05-24 13:35:49'),
(644,2,'404',NULL,'2023-05-24 13:37:48'),
(645,8,'404',NULL,'2023-05-24 13:37:48'),
(646,2,'404',NULL,'2023-05-24 13:39:49'),
(647,8,'404',NULL,'2023-05-24 13:39:49'),
(648,8,'404',NULL,'2023-05-24 13:41:31'),
(649,2,'404',NULL,'2023-05-24 13:41:31'),
(650,2,'404',NULL,'2023-05-24 13:41:37'),
(651,8,'404',NULL,'2023-05-24 13:41:37'),
(652,2,'404',NULL,'2023-05-24 13:42:54'),
(653,8,'404',NULL,'2023-05-24 13:42:54'),
(654,2,'404',NULL,'2023-05-24 13:43:00'),
(655,8,'404',NULL,'2023-05-24 13:43:00'),
(656,2,'404',NULL,'2023-05-24 13:45:00'),
(657,8,'404',NULL,'2023-05-24 13:45:00'),
(658,2,'404',NULL,'2023-05-24 13:46:35'),
(659,8,'404',NULL,'2023-05-24 13:46:35'),
(660,2,'404',NULL,'2023-05-24 13:47:16'),
(661,8,'404',NULL,'2023-05-24 13:47:16'),
(662,2,'404',NULL,'2023-05-24 13:47:23'),
(663,8,'404',NULL,'2023-05-24 13:47:23'),
(664,2,'404',NULL,'2023-05-24 13:49:24'),
(665,8,'404',NULL,'2023-05-24 13:49:24'),
(666,2,'404',NULL,'2023-05-24 13:51:24'),
(667,8,'404',NULL,'2023-05-24 13:51:24'),
(668,2,'404',NULL,'2023-05-24 13:53:24'),
(669,8,'404',NULL,'2023-05-24 13:53:24'),
(670,8,'404',NULL,'2023-05-24 13:55:24'),
(671,2,'404',NULL,'2023-05-24 13:55:24'),
(672,2,'404',NULL,'2023-05-24 13:57:25'),
(673,8,'404',NULL,'2023-05-24 13:57:25'),
(674,2,'404',NULL,'2023-05-24 13:59:27'),
(675,8,'404',NULL,'2023-05-24 13:59:27'),
(676,8,'404',NULL,'2023-05-24 14:01:29'),
(677,2,'404',NULL,'2023-05-24 14:01:29'),
(678,2,'404',NULL,'2023-05-24 14:03:31'),
(679,8,'404',NULL,'2023-05-24 14:03:31'),
(680,2,'404',NULL,'2023-05-24 14:05:15'),
(681,8,'404',NULL,'2023-05-24 14:05:15'),
(682,2,'404',NULL,'2023-05-24 14:07:16'),
(683,8,'404',NULL,'2023-05-24 14:07:16'),
(684,2,'404',NULL,'2023-05-24 14:09:16'),
(685,8,'404',NULL,'2023-05-24 14:09:16'),
(686,2,'404',NULL,'2023-05-24 14:11:15'),
(687,8,'404',NULL,'2023-05-24 14:11:15'),
(688,2,'404',NULL,'2023-05-24 14:13:16'),
(689,8,'404',NULL,'2023-05-24 14:13:16'),
(690,2,'404',NULL,'2023-05-24 14:15:16'),
(691,8,'404',NULL,'2023-05-24 14:15:16'),
(692,2,'404',NULL,'2023-05-24 14:17:17'),
(693,8,'404',NULL,'2023-05-24 14:17:17'),
(694,2,'404',NULL,'2023-05-24 14:19:19'),
(695,8,'404',NULL,'2023-05-24 14:19:19'),
(696,2,'404',NULL,'2023-05-24 14:21:21'),
(697,8,'404',NULL,'2023-05-24 14:21:21'),
(698,2,'404',NULL,'2023-05-24 14:23:23'),
(699,8,'404',NULL,'2023-05-24 14:23:23'),
(700,2,'404',NULL,'2023-05-24 14:25:25'),
(701,8,'404',NULL,'2023-05-24 14:25:25'),
(702,2,'404',NULL,'2023-05-24 14:27:27'),
(703,8,'404',NULL,'2023-05-24 14:27:27'),
(704,2,'404',NULL,'2023-05-24 14:29:29'),
(705,8,'404',NULL,'2023-05-24 14:29:29'),
(706,2,'404',NULL,'2023-05-24 14:31:31'),
(707,8,'404',NULL,'2023-05-24 14:31:31'),
(708,2,'404',NULL,'2023-05-24 14:33:33'),
(709,8,'404',NULL,'2023-05-24 14:33:33'),
(710,2,'404',NULL,'2023-05-24 14:35:35'),
(711,8,'404',NULL,'2023-05-24 14:35:35'),
(712,8,'404',NULL,'2023-05-24 14:37:37'),
(713,2,'404',NULL,'2023-05-24 14:37:37'),
(714,2,'404',NULL,'2023-05-24 14:39:39'),
(715,8,'404',NULL,'2023-05-24 14:39:39'),
(716,2,'404',NULL,'2023-05-24 14:41:41'),
(717,8,'404',NULL,'2023-05-24 14:41:41'),
(718,2,'404',NULL,'2023-05-24 14:43:43'),
(719,8,'404',NULL,'2023-05-24 14:43:43'),
(720,2,'404',NULL,'2023-05-24 14:45:45'),
(721,8,'404',NULL,'2023-05-24 14:45:45'),
(722,2,'404',NULL,'2023-05-24 14:47:47'),
(723,8,'404',NULL,'2023-05-24 14:47:47'),
(724,2,'404',NULL,'2023-05-24 14:49:49'),
(725,8,'404',NULL,'2023-05-24 14:49:49'),
(726,2,'404',NULL,'2023-05-24 14:51:51'),
(727,8,'404',NULL,'2023-05-24 14:51:51'),
(728,2,'404',NULL,'2023-05-24 14:53:53'),
(729,8,'404',NULL,'2023-05-24 14:53:53'),
(730,2,'404',NULL,'2023-05-24 14:55:55'),
(731,8,'404',NULL,'2023-05-24 14:55:55'),
(732,2,'404',NULL,'2023-05-24 14:57:57'),
(733,8,'404',NULL,'2023-05-24 14:57:57'),
(734,2,'404',NULL,'2023-05-24 14:59:59'),
(735,8,'404',NULL,'2023-05-24 14:59:59'),
(736,2,'404',NULL,'2023-05-24 15:02:01'),
(737,8,'404',NULL,'2023-05-24 15:02:01'),
(738,2,'404',NULL,'2023-05-24 15:04:03'),
(739,8,'404',NULL,'2023-05-24 15:04:03'),
(740,2,'404',NULL,'2023-05-24 15:06:05'),
(741,8,'404',NULL,'2023-05-24 15:06:05'),
(742,2,'404',NULL,'2023-05-24 15:08:07'),
(743,8,'404',NULL,'2023-05-24 15:08:07'),
(744,2,'404',NULL,'2023-05-24 15:10:09'),
(745,8,'404',NULL,'2023-05-24 15:10:09'),
(746,2,'404',NULL,'2023-05-24 15:12:11'),
(747,8,'404',NULL,'2023-05-24 15:12:11'),
(748,2,'404',NULL,'2023-05-24 15:14:13'),
(749,8,'404',NULL,'2023-05-24 15:14:13'),
(750,2,'404',NULL,'2023-05-24 15:15:16'),
(751,8,'404',NULL,'2023-05-24 15:15:16'),
(752,2,'404',NULL,'2023-05-24 15:17:18'),
(753,8,'404',NULL,'2023-05-24 15:17:18'),
(754,2,'404',NULL,'2023-05-24 15:19:20'),
(755,8,'404',NULL,'2023-05-24 15:19:20'),
(756,2,'404',NULL,'2023-05-24 15:21:16'),
(757,8,'404',NULL,'2023-05-24 15:21:16'),
(758,2,'404',NULL,'2023-05-24 15:23:16'),
(759,8,'404',NULL,'2023-05-24 15:23:16'),
(760,2,'404',NULL,'2023-05-24 15:23:23'),
(761,8,'404',NULL,'2023-05-24 15:23:23'),
(762,2,'404',NULL,'2023-05-24 15:24:52'),
(763,8,'404',NULL,'2023-05-24 15:24:52'),
(764,2,'404',NULL,'2023-05-24 15:26:53'),
(765,8,'404',NULL,'2023-05-24 15:26:53'),
(766,2,'404',NULL,'2023-05-24 15:28:53'),
(767,8,'404',NULL,'2023-05-24 15:28:53'),
(768,2,'404',NULL,'2023-05-24 15:30:52'),
(769,8,'404',NULL,'2023-05-24 15:30:52'),
(770,2,'404',NULL,'2023-05-24 15:32:53'),
(771,8,'404',NULL,'2023-05-24 15:32:53'),
(772,2,'404',NULL,'2023-05-24 15:34:53'),
(773,8,'404',NULL,'2023-05-24 15:34:53'),
(774,2,'404',NULL,'2023-05-24 15:36:54'),
(775,8,'404',NULL,'2023-05-24 15:36:54'),
(776,2,'404',NULL,'2023-05-24 15:38:56'),
(777,8,'404',NULL,'2023-05-24 15:38:56'),
(778,2,'404',NULL,'2023-05-24 15:40:58'),
(779,8,'404',NULL,'2023-05-24 15:40:58'),
(780,2,'404',NULL,'2023-05-24 15:42:53'),
(781,8,'404',NULL,'2023-05-24 15:42:53'),
(782,2,'404',NULL,'2023-05-24 15:44:53'),
(783,8,'404',NULL,'2023-05-24 15:44:53'),
(784,2,'404',NULL,'2023-05-24 15:46:53'),
(785,8,'404',NULL,'2023-05-24 15:46:53'),
(786,2,'404',NULL,'2023-05-24 15:48:55'),
(787,8,'404',NULL,'2023-05-24 15:48:55'),
(788,2,'404',NULL,'2023-05-24 15:50:57'),
(789,8,'404',NULL,'2023-05-24 15:50:57'),
(790,2,'404',NULL,'2023-05-24 15:52:53'),
(791,8,'404',NULL,'2023-05-24 15:52:53'),
(792,2,'404',NULL,'2023-05-24 15:54:00'),
(793,8,'404',NULL,'2023-05-24 15:54:00'),
(794,2,'404',NULL,'2023-05-24 15:56:01'),
(795,8,'404',NULL,'2023-05-24 15:56:01'),
(796,2,'404',NULL,'2023-05-24 15:58:00'),
(797,8,'404',NULL,'2023-05-24 15:58:00'),
(798,2,'404',NULL,'2023-05-24 16:00:01'),
(799,8,'404',NULL,'2023-05-24 16:00:01'),
(800,2,'404',NULL,'2023-05-24 16:01:01'),
(801,8,'404',NULL,'2023-05-24 16:01:01'),
(802,8,'404',NULL,'2023-05-24 16:01:02'),
(803,2,'404',NULL,'2023-05-24 16:01:02'),
(804,2,'404',NULL,'2023-05-24 16:01:05'),
(805,8,'404',NULL,'2023-05-24 16:01:05'),
(806,2,'404',NULL,'2023-05-24 16:01:08'),
(807,8,'404',NULL,'2023-05-24 16:01:08'),
(808,2,'404',NULL,'2023-05-24 16:01:19'),
(809,8,'404',NULL,'2023-05-24 16:01:19'),
(810,2,'404',NULL,'2023-05-24 16:03:19'),
(811,8,'404',NULL,'2023-05-24 16:03:19'),
(812,2,'404',NULL,'2023-05-24 16:04:24'),
(813,8,'404',NULL,'2023-05-24 16:04:24'),
(814,2,'404',NULL,'2023-05-24 16:04:59'),
(815,8,'404',NULL,'2023-05-24 16:04:59'),
(816,2,'404',NULL,'2023-05-24 16:06:59'),
(817,8,'404',NULL,'2023-05-24 16:06:59'),
(818,2,'404',NULL,'2023-05-24 16:08:58'),
(819,8,'404',NULL,'2023-05-24 16:08:58'),
(820,2,'404',NULL,'2023-05-24 16:10:58'),
(821,8,'404',NULL,'2023-05-24 16:10:58'),
(822,2,'404',NULL,'2023-05-24 16:12:58'),
(823,8,'404',NULL,'2023-05-24 16:12:58'),
(824,2,'404',NULL,'2023-05-24 16:14:58'),
(825,8,'404',NULL,'2023-05-24 16:14:58'),
(826,2,'404',NULL,'2023-05-24 16:16:58'),
(827,8,'404',NULL,'2023-05-24 16:16:58'),
(828,8,'404',NULL,'2023-05-24 16:18:58'),
(829,2,'404',NULL,'2023-05-24 16:18:58'),
(830,2,'404',NULL,'2023-05-24 16:20:58'),
(831,8,'404',NULL,'2023-05-24 16:20:58'),
(832,2,'404',NULL,'2023-05-24 16:22:58'),
(833,8,'404',NULL,'2023-05-24 16:22:58'),
(834,2,'404',NULL,'2023-05-24 16:24:58'),
(835,8,'404',NULL,'2023-05-24 16:24:58'),
(836,2,'404',NULL,'2023-05-24 16:26:58'),
(837,8,'404',NULL,'2023-05-24 16:26:58'),
(838,2,'404',NULL,'2023-05-24 16:27:15'),
(839,8,'404',NULL,'2023-05-24 16:27:16'),
(840,2,'404',NULL,'2023-05-24 16:28:14'),
(841,8,'404',NULL,'2023-05-24 16:28:14'),
(842,8,'404',NULL,'2023-05-24 16:30:06'),
(843,2,'404',NULL,'2023-05-24 16:30:06'),
(844,2,'404',NULL,'2023-05-24 16:32:07'),
(845,8,'404',NULL,'2023-05-24 16:32:07'),
(846,2,'404',NULL,'2023-05-24 16:34:07'),
(847,8,'404',NULL,'2023-05-24 16:34:07'),
(848,2,'404',NULL,'2023-05-25 08:05:16'),
(849,8,'404',NULL,'2023-05-25 08:05:16'),
(850,2,'404',NULL,'2023-05-25 08:05:21'),
(851,8,'404',NULL,'2023-05-25 08:05:21'),
(852,2,'404',NULL,'2023-05-25 08:05:35'),
(853,8,'404',NULL,'2023-05-25 08:05:35'),
(854,2,'404',NULL,'2023-05-25 08:05:58'),
(855,8,'404',NULL,'2023-05-25 08:05:58'),
(856,2,'404',NULL,'2023-05-25 08:07:58'),
(857,8,'404',NULL,'2023-05-25 08:07:58'),
(858,2,'404',NULL,'2023-05-25 08:09:11'),
(859,8,'404',NULL,'2023-05-25 08:09:11'),
(860,2,'404',NULL,'2023-05-25 08:09:31'),
(861,8,'404',NULL,'2023-05-25 08:09:31'),
(862,2,'404',NULL,'2023-05-25 08:09:47'),
(863,8,'404',NULL,'2023-05-25 08:09:48'),
(864,2,'404',NULL,'2023-05-25 08:11:06'),
(865,8,'404',NULL,'2023-05-25 08:11:06'),
(866,2,'404',NULL,'2023-05-25 08:13:06'),
(867,8,'404',NULL,'2023-05-25 08:13:06'),
(868,2,'404',NULL,'2023-05-25 08:15:06'),
(869,8,'404',NULL,'2023-05-25 08:15:06'),
(870,2,'404',NULL,'2023-05-25 08:17:06'),
(871,8,'404',NULL,'2023-05-25 08:17:06'),
(872,2,'404',NULL,'2023-05-25 08:19:06'),
(873,8,'404',NULL,'2023-05-25 08:19:06'),
(874,2,'404',NULL,'2023-05-25 08:19:48'),
(875,8,'404',NULL,'2023-05-25 08:19:48'),
(876,2,'404',NULL,'2023-05-25 08:20:03'),
(877,8,'404',NULL,'2023-05-25 08:20:03'),
(878,2,'404',NULL,'2023-05-25 08:22:03'),
(879,8,'404',NULL,'2023-05-25 08:22:03'),
(880,2,'404',NULL,'2023-05-25 08:24:03'),
(881,8,'404',NULL,'2023-05-25 08:24:03'),
(882,2,'404',NULL,'2023-05-25 08:26:03'),
(883,8,'404',NULL,'2023-05-25 08:26:03'),
(884,2,'404',NULL,'2023-05-25 08:27:25'),
(885,8,'404',NULL,'2023-05-25 08:27:25'),
(886,2,'404',NULL,'2023-05-25 08:29:25'),
(887,8,'404',NULL,'2023-05-25 08:29:25'),
(888,2,'404',NULL,'2023-05-25 12:14:50'),
(889,8,'404',NULL,'2023-05-25 12:14:50'),
(890,2,'404',NULL,'2023-05-25 12:15:07'),
(891,8,'404',NULL,'2023-05-25 12:15:07'),
(892,2,'404',NULL,'2023-05-25 12:15:10'),
(893,8,'404',NULL,'2023-05-25 12:15:10'),
(894,2,'404',NULL,'2023-05-25 12:15:14'),
(895,8,'404',NULL,'2023-05-25 12:15:14'),
(896,2,'404',NULL,'2023-05-25 12:15:23'),
(897,8,'404',NULL,'2023-05-25 12:15:23'),
(898,2,'404',NULL,'2023-05-25 12:17:24'),
(899,8,'404',NULL,'2023-05-25 12:17:24'),
(900,2,'404',NULL,'2023-05-25 12:17:30'),
(901,8,'404',NULL,'2023-05-25 12:17:30'),
(902,2,'404',NULL,'2023-05-25 12:19:30'),
(903,8,'404',NULL,'2023-05-25 12:19:30'),
(904,2,'404',NULL,'2023-05-25 12:21:30'),
(905,8,'404',NULL,'2023-05-25 12:21:30'),
(906,8,'404',NULL,'2023-05-25 12:23:04'),
(907,2,'404',NULL,'2023-05-25 12:23:04'),
(908,2,'404',NULL,'2023-05-25 12:23:14'),
(909,8,'404',NULL,'2023-05-25 12:23:14'),
(910,2,'404',NULL,'2023-05-25 12:24:39'),
(911,8,'404',NULL,'2023-05-25 12:24:39'),
(912,2,'404',NULL,'2023-05-25 12:24:43'),
(913,8,'404',NULL,'2023-05-25 12:24:43'),
(914,2,'404',NULL,'2023-05-25 12:24:46'),
(915,8,'404',NULL,'2023-05-25 12:24:46'),
(916,2,'404',NULL,'2023-05-25 12:26:46'),
(917,8,'404',NULL,'2023-05-25 12:26:46'),
(918,2,'404',NULL,'2023-05-25 12:28:27'),
(919,8,'404',NULL,'2023-05-25 12:28:27'),
(920,2,'404',NULL,'2023-05-25 12:28:29'),
(921,8,'404',NULL,'2023-05-25 12:28:29'),
(922,2,'404',NULL,'2023-05-25 12:28:32'),
(923,8,'404',NULL,'2023-05-25 12:28:32'),
(924,8,'404',NULL,'2023-05-25 12:28:51'),
(925,2,'404',NULL,'2023-05-25 12:28:51'),
(926,8,'404',NULL,'2023-05-25 12:30:56'),
(927,2,'404',NULL,'2023-05-25 12:30:56'),
(928,2,'404',NULL,'2023-05-25 12:31:03'),
(929,8,'404',NULL,'2023-05-25 12:31:03'),
(930,2,'404',NULL,'2023-05-25 12:31:13'),
(931,8,'404',NULL,'2023-05-25 12:31:13'),
(932,2,'404',NULL,'2023-05-25 12:31:20'),
(933,8,'404',NULL,'2023-05-25 12:31:20'),
(934,8,'404',NULL,'2023-05-25 12:33:20'),
(935,2,'404',NULL,'2023-05-25 12:33:20'),
(936,2,'404',NULL,'2023-05-25 12:33:59'),
(937,8,'404',NULL,'2023-05-25 12:33:59'),
(938,2,'404',NULL,'2023-05-25 12:34:36'),
(939,8,'404',NULL,'2023-05-25 12:34:36'),
(940,8,'404',NULL,'2023-05-25 12:42:33'),
(941,2,'404',NULL,'2023-05-25 12:42:33'),
(942,2,'404',NULL,'2023-05-25 12:46:27'),
(943,8,'404',NULL,'2023-05-25 12:46:27'),
(944,2,'404',NULL,'2023-05-25 12:47:26'),
(945,8,'404',NULL,'2023-05-25 12:47:26'),
(946,2,'404',NULL,'2023-05-25 12:47:31'),
(947,8,'404',NULL,'2023-05-25 12:47:31'),
(948,2,'404',NULL,'2023-05-25 12:47:32'),
(949,8,'404',NULL,'2023-05-25 12:47:32'),
(950,2,'404',NULL,'2023-05-25 12:48:21'),
(951,8,'404',NULL,'2023-05-25 12:48:21'),
(952,2,'404',NULL,'2023-05-25 12:48:45'),
(953,8,'404',NULL,'2023-05-25 12:48:45'),
(954,8,'404',NULL,'2023-05-25 12:49:27'),
(955,2,'404',NULL,'2023-05-25 12:49:27'),
(956,2,'404',NULL,'2023-05-25 12:51:27'),
(957,8,'404',NULL,'2023-05-25 12:51:27'),
(958,2,'404',NULL,'2023-05-25 12:53:27'),
(959,8,'404',NULL,'2023-05-25 12:53:27'),
(960,2,'404',NULL,'2023-05-25 12:55:27'),
(961,8,'404',NULL,'2023-05-25 12:55:27'),
(962,2,'404',NULL,'2023-05-25 12:57:27'),
(963,8,'404',NULL,'2023-05-25 12:57:27'),
(964,2,'404',NULL,'2023-05-25 12:59:27'),
(965,8,'404',NULL,'2023-05-25 12:59:27'),
(966,2,'404',NULL,'2023-05-25 13:01:27'),
(967,8,'404',NULL,'2023-05-25 13:01:27'),
(968,2,'404',NULL,'2023-05-25 13:03:27'),
(969,8,'404',NULL,'2023-05-25 13:03:27'),
(970,2,'404',NULL,'2023-05-25 13:05:27'),
(971,8,'404',NULL,'2023-05-25 13:05:27'),
(972,2,'404',NULL,'2023-05-25 13:07:27'),
(973,8,'404',NULL,'2023-05-25 13:07:27'),
(974,2,'404',NULL,'2023-05-25 13:09:27'),
(975,8,'404',NULL,'2023-05-25 13:09:27'),
(976,2,'404',NULL,'2023-05-25 13:11:27'),
(977,8,'404',NULL,'2023-05-25 13:11:27'),
(978,2,'404',NULL,'2023-05-25 13:13:27'),
(979,8,'404',NULL,'2023-05-25 13:13:27'),
(980,8,'404',NULL,'2023-05-25 13:15:27'),
(981,2,'404',NULL,'2023-05-25 13:15:27'),
(982,2,'404',NULL,'2023-05-25 13:17:27'),
(983,8,'404',NULL,'2023-05-25 13:17:27'),
(984,2,'404',NULL,'2023-05-25 13:19:27'),
(985,8,'404',NULL,'2023-05-25 13:19:27'),
(986,2,'404',NULL,'2023-05-25 13:21:27'),
(987,8,'404',NULL,'2023-05-25 13:21:27'),
(988,8,'404',NULL,'2023-05-25 13:27:47'),
(989,2,'404',NULL,'2023-05-25 13:27:47'),
(990,2,'404',NULL,'2023-05-25 13:27:50'),
(991,8,'404',NULL,'2023-05-25 13:27:50'),
(992,2,'404',NULL,'2023-05-25 13:27:56'),
(993,8,'404',NULL,'2023-05-25 13:27:56'),
(994,2,'404',NULL,'2023-05-25 13:28:13'),
(995,8,'404',NULL,'2023-05-25 13:28:13'),
(996,2,'404',NULL,'2023-05-25 13:31:01'),
(997,8,'404',NULL,'2023-05-25 13:31:01'),
(998,2,'404',NULL,'2023-05-25 13:31:07'),
(999,8,'404',NULL,'2023-05-25 13:31:07'),
(1000,2,'404',NULL,'2023-05-25 13:31:10'),
(1001,8,'404',NULL,'2023-05-25 13:31:10'),
(1002,2,'404',NULL,'2023-05-25 13:32:20'),
(1003,8,'404',NULL,'2023-05-25 13:32:20'),
(1004,2,'404',NULL,'2023-05-25 13:32:23'),
(1005,8,'404',NULL,'2023-05-25 13:32:23'),
(1006,8,'404',NULL,'2023-05-25 13:32:31'),
(1007,2,'404',NULL,'2023-05-25 13:32:31'),
(1008,2,'404',NULL,'2023-05-25 13:33:13'),
(1009,8,'404',NULL,'2023-05-25 13:33:13'),
(1010,2,'404',NULL,'2023-05-25 13:33:26'),
(1011,8,'404',NULL,'2023-05-25 13:33:26'),
(1012,2,'404',NULL,'2023-05-25 13:33:37'),
(1013,8,'404',NULL,'2023-05-25 13:33:37'),
(1014,2,'404',NULL,'2023-05-25 13:33:40'),
(1015,8,'404',NULL,'2023-05-25 13:33:40'),
(1016,2,'404',NULL,'2023-05-25 13:34:06'),
(1017,8,'404',NULL,'2023-05-25 13:34:06'),
(1018,2,'404',NULL,'2023-05-25 13:34:08'),
(1019,8,'404',NULL,'2023-05-25 13:34:08'),
(1020,2,'404',NULL,'2023-05-25 13:34:12'),
(1021,8,'404',NULL,'2023-05-25 13:34:12'),
(1022,2,'404',NULL,'2023-05-25 13:34:30'),
(1023,8,'404',NULL,'2023-05-25 13:34:30'),
(1024,2,'404',NULL,'2023-05-25 13:36:24'),
(1025,8,'404',NULL,'2023-05-25 13:36:24'),
(1026,2,'404',NULL,'2023-05-25 13:36:31'),
(1027,8,'404',NULL,'2023-05-25 13:36:31'),
(1028,2,'404',NULL,'2023-05-25 13:36:33'),
(1029,8,'404',NULL,'2023-05-25 13:36:33'),
(1030,2,'404',NULL,'2023-05-25 13:36:34'),
(1031,8,'404',NULL,'2023-05-25 13:36:34'),
(1032,2,'404',NULL,'2023-05-25 13:36:36'),
(1033,8,'404',NULL,'2023-05-25 13:36:36'),
(1034,2,'404',NULL,'2023-05-25 13:36:58'),
(1035,8,'404',NULL,'2023-05-25 13:36:58'),
(1036,8,'404',NULL,'2023-05-25 13:37:00'),
(1037,2,'404',NULL,'2023-05-25 13:37:00'),
(1038,2,'404',NULL,'2023-05-25 13:37:03'),
(1039,8,'404',NULL,'2023-05-25 13:37:03'),
(1040,2,'404',NULL,'2023-05-25 13:37:10'),
(1041,8,'404',NULL,'2023-05-25 13:37:10'),
(1042,2,'404',NULL,'2023-05-25 13:37:12'),
(1043,8,'404',NULL,'2023-05-25 13:37:12'),
(1044,2,'404',NULL,'2023-05-25 13:37:15'),
(1045,8,'404',NULL,'2023-05-25 13:37:15'),
(1046,8,'404',NULL,'2023-05-25 13:38:56'),
(1047,2,'404',NULL,'2023-05-25 13:38:56'),
(1048,2,'404',NULL,'2023-05-25 13:39:08'),
(1049,8,'404',NULL,'2023-05-25 13:39:08'),
(1050,2,'404',NULL,'2023-05-25 13:39:10'),
(1051,8,'404',NULL,'2023-05-25 13:39:10'),
(1052,8,'404',NULL,'2023-05-25 13:39:44'),
(1053,2,'404',NULL,'2023-05-25 13:39:44'),
(1054,2,'404',NULL,'2023-05-25 13:39:46'),
(1055,8,'404',NULL,'2023-05-25 13:39:46'),
(1056,2,'404',NULL,'2023-05-25 13:39:57'),
(1057,8,'404',NULL,'2023-05-25 13:39:57'),
(1058,2,'404',NULL,'2023-05-25 13:40:00'),
(1059,8,'404',NULL,'2023-05-25 13:40:00'),
(1060,8,'404',NULL,'2023-05-25 13:40:07'),
(1061,2,'404',NULL,'2023-05-25 13:40:07'),
(1062,2,'404',NULL,'2023-05-25 13:40:13'),
(1063,8,'404',NULL,'2023-05-25 13:40:13'),
(1064,2,'404',NULL,'2023-05-25 13:40:21'),
(1065,8,'404',NULL,'2023-05-25 13:40:21'),
(1066,2,'404',NULL,'2023-05-25 13:40:24'),
(1067,8,'404',NULL,'2023-05-25 13:40:24'),
(1068,2,'404',NULL,'2023-05-25 13:40:32'),
(1069,8,'404',NULL,'2023-05-25 13:40:32'),
(1070,2,'404',NULL,'2023-05-25 13:40:38'),
(1071,8,'404',NULL,'2023-05-25 13:40:38'),
(1072,2,'404',NULL,'2023-05-25 13:40:43'),
(1073,8,'404',NULL,'2023-05-25 13:40:43'),
(1074,8,'404',NULL,'2023-05-25 13:42:39'),
(1075,2,'404',NULL,'2023-05-25 13:42:39'),
(1076,2,'404',NULL,'2023-05-25 13:42:44'),
(1077,8,'404',NULL,'2023-05-25 13:42:44'),
(1078,2,'404',NULL,'2023-05-25 13:42:47'),
(1079,8,'404',NULL,'2023-05-25 13:42:47'),
(1080,2,'404',NULL,'2023-05-25 13:42:52'),
(1081,8,'404',NULL,'2023-05-25 13:42:52'),
(1082,2,'404',NULL,'2023-05-25 13:43:24'),
(1083,8,'404',NULL,'2023-05-25 13:43:24'),
(1084,2,'404',NULL,'2023-05-25 13:45:12'),
(1085,8,'404',NULL,'2023-05-25 13:45:12'),
(1086,2,'404',NULL,'2023-05-25 13:45:14'),
(1087,8,'404',NULL,'2023-05-25 13:45:14'),
(1088,2,'404',NULL,'2023-05-25 13:45:16'),
(1089,8,'404',NULL,'2023-05-25 13:45:16'),
(1090,8,'404',NULL,'2023-05-25 13:45:19'),
(1091,2,'404',NULL,'2023-05-25 13:45:19'),
(1092,2,'404',NULL,'2023-05-25 13:46:08'),
(1093,8,'404',NULL,'2023-05-25 13:46:08'),
(1094,8,'404',NULL,'2023-05-25 13:46:09'),
(1095,2,'404',NULL,'2023-05-25 13:46:09'),
(1096,2,'404',NULL,'2023-05-25 13:46:11'),
(1097,8,'404',NULL,'2023-05-25 13:46:11'),
(1098,2,'404',NULL,'2023-05-25 13:46:13'),
(1099,8,'404',NULL,'2023-05-25 13:46:13'),
(1100,2,'404',NULL,'2023-05-25 13:46:24'),
(1101,8,'404',NULL,'2023-05-25 13:46:24'),
(1102,2,'404',NULL,'2023-05-25 13:46:28'),
(1103,8,'404',NULL,'2023-05-25 13:46:28'),
(1104,2,'404',NULL,'2023-05-25 13:47:44'),
(1105,8,'404',NULL,'2023-05-25 13:47:44'),
(1106,2,'404',NULL,'2023-05-25 13:47:46'),
(1107,8,'404',NULL,'2023-05-25 13:47:46'),
(1108,2,'404',NULL,'2023-05-25 13:49:08'),
(1109,8,'404',NULL,'2023-05-25 13:49:08'),
(1110,2,'404',NULL,'2023-05-25 13:49:19'),
(1111,8,'404',NULL,'2023-05-25 13:49:19'),
(1112,2,'404',NULL,'2023-05-25 13:51:19'),
(1113,8,'404',NULL,'2023-05-25 13:51:19'),
(1114,2,'404',NULL,'2023-05-25 13:53:19'),
(1115,8,'404',NULL,'2023-05-25 13:53:19'),
(1116,8,'404',NULL,'2023-05-25 13:55:19'),
(1117,2,'404',NULL,'2023-05-25 13:55:19'),
(1118,8,'404',NULL,'2023-05-25 13:57:19'),
(1119,2,'404',NULL,'2023-05-25 13:57:19'),
(1120,8,'404',NULL,'2023-05-25 13:59:19'),
(1121,2,'404',NULL,'2023-05-25 13:59:19'),
(1122,2,'404',NULL,'2023-05-25 14:01:19'),
(1123,8,'404',NULL,'2023-05-25 14:01:19'),
(1124,2,'404',NULL,'2023-05-25 14:03:19'),
(1125,8,'404',NULL,'2023-05-25 14:03:19'),
(1126,2,'404',NULL,'2023-05-25 14:05:20'),
(1127,8,'404',NULL,'2023-05-25 14:05:20'),
(1128,2,'404',NULL,'2023-05-25 14:07:22'),
(1129,8,'404',NULL,'2023-05-25 14:07:22'),
(1130,8,'404',NULL,'2023-05-25 14:09:24'),
(1131,2,'404',NULL,'2023-05-25 14:09:24'),
(1132,2,'404',NULL,'2023-05-25 14:11:26'),
(1133,8,'404',NULL,'2023-05-25 14:11:26'),
(1134,2,'404',NULL,'2023-05-25 14:13:28'),
(1135,8,'404',NULL,'2023-05-25 14:13:28'),
(1136,2,'404',NULL,'2023-05-25 14:15:30'),
(1137,8,'404',NULL,'2023-05-25 14:15:30'),
(1138,2,'404',NULL,'2023-05-25 14:17:32'),
(1139,8,'404',NULL,'2023-05-25 14:17:32'),
(1140,2,'404',NULL,'2023-05-25 14:59:47'),
(1141,8,'404',NULL,'2023-05-25 14:59:47'),
(1142,2,'404',NULL,'2023-05-25 15:01:19'),
(1143,8,'404',NULL,'2023-05-25 15:01:19'),
(1144,2,'404',NULL,'2023-05-25 15:03:19'),
(1145,8,'404',NULL,'2023-05-25 15:03:19'),
(1146,2,'404',NULL,'2023-05-25 15:05:19'),
(1147,8,'404',NULL,'2023-05-25 15:05:19'),
(1148,2,'404',NULL,'2023-05-25 15:07:19'),
(1149,8,'404',NULL,'2023-05-25 15:07:19'),
(1150,2,'404',NULL,'2023-05-25 15:09:19'),
(1151,8,'404',NULL,'2023-05-25 15:09:19'),
(1152,2,'404',NULL,'2023-05-25 15:11:19'),
(1153,8,'404',NULL,'2023-05-25 15:11:19'),
(1154,2,'404',NULL,'2023-05-25 15:13:19'),
(1155,8,'404',NULL,'2023-05-25 15:13:19'),
(1156,2,'404',NULL,'2023-05-25 15:15:20'),
(1157,8,'404',NULL,'2023-05-25 15:15:20'),
(1158,2,'404',NULL,'2023-05-25 15:17:22'),
(1159,8,'404',NULL,'2023-05-25 15:17:22'),
(1160,2,'404',NULL,'2023-05-25 15:18:36'),
(1161,8,'404',NULL,'2023-05-25 15:18:36'),
(1162,8,'404',NULL,'2023-05-25 15:19:31'),
(1163,2,'404',NULL,'2023-05-25 15:19:31'),
(1164,2,'404',NULL,'2023-05-25 15:21:31'),
(1165,8,'404',NULL,'2023-05-25 15:21:31'),
(1166,2,'404',NULL,'2023-05-25 15:23:31'),
(1167,8,'404',NULL,'2023-05-25 15:23:31'),
(1168,8,'404',NULL,'2023-05-25 15:25:31'),
(1169,2,'404',NULL,'2023-05-25 15:25:31'),
(1170,2,'404',NULL,'2023-05-25 15:27:31'),
(1171,8,'404',NULL,'2023-05-25 15:27:31'),
(1172,2,'404',NULL,'2023-05-25 15:29:31'),
(1173,8,'404',NULL,'2023-05-25 15:29:31'),
(1174,2,'404',NULL,'2023-05-25 15:31:31'),
(1175,8,'404',NULL,'2023-05-25 15:31:31'),
(1176,2,'404',NULL,'2023-05-25 15:31:58'),
(1177,8,'404',NULL,'2023-05-25 15:31:58'),
(1178,2,'404',NULL,'2023-05-25 15:32:01'),
(1179,8,'404',NULL,'2023-05-25 15:32:01'),
(1180,2,'404',NULL,'2023-05-25 15:32:09'),
(1181,8,'404',NULL,'2023-05-25 15:32:09'),
(1182,2,'404',NULL,'2023-05-25 15:32:11'),
(1183,8,'404',NULL,'2023-05-25 15:32:11'),
(1184,8,'404',NULL,'2023-05-25 15:33:50'),
(1185,2,'404',NULL,'2023-05-25 15:33:50'),
(1186,2,'404',NULL,'2023-05-25 15:35:50'),
(1187,8,'404',NULL,'2023-05-25 15:35:50'),
(1188,8,'404',NULL,'2023-05-25 15:37:50'),
(1189,2,'404',NULL,'2023-05-25 15:37:50'),
(1190,2,'404',NULL,'2023-05-25 15:39:50'),
(1191,8,'404',NULL,'2023-05-25 15:39:50'),
(1192,2,'404',NULL,'2023-05-25 15:41:50'),
(1193,8,'404',NULL,'2023-05-25 15:41:50'),
(1194,2,'404',NULL,'2023-05-25 15:43:50'),
(1195,8,'404',NULL,'2023-05-25 15:43:50'),
(1196,2,'404',NULL,'2023-05-25 15:45:50'),
(1197,8,'404',NULL,'2023-05-25 15:45:50'),
(1198,2,'404',NULL,'2023-05-25 15:47:50'),
(1199,8,'404',NULL,'2023-05-25 15:47:50'),
(1200,2,'404',NULL,'2023-05-25 15:49:50'),
(1201,8,'404',NULL,'2023-05-25 15:49:50'),
(1202,2,'404',NULL,'2023-05-25 15:51:50'),
(1203,8,'404',NULL,'2023-05-25 15:51:50'),
(1204,8,'404',NULL,'2023-05-25 15:53:50'),
(1205,2,'404',NULL,'2023-05-25 15:53:50'),
(1206,2,'404',NULL,'2023-05-25 15:55:50'),
(1207,8,'404',NULL,'2023-05-25 15:55:50'),
(1208,2,'404',NULL,'2023-05-25 15:57:50'),
(1209,8,'404',NULL,'2023-05-25 15:57:50'),
(1210,2,'404',NULL,'2023-05-25 15:59:50'),
(1211,8,'404',NULL,'2023-05-25 15:59:50'),
(1212,8,'404',NULL,'2023-05-25 16:01:50'),
(1213,2,'404',NULL,'2023-05-25 16:01:50'),
(1214,2,'404',NULL,'2023-05-25 16:03:50'),
(1215,8,'404',NULL,'2023-05-25 16:03:50'),
(1216,2,'404',NULL,'2023-05-25 16:05:50'),
(1217,8,'404',NULL,'2023-05-25 16:05:50'),
(1218,2,'404',NULL,'2023-05-25 16:07:50'),
(1219,8,'404',NULL,'2023-05-25 16:07:50'),
(1220,8,'404',NULL,'2023-05-25 16:09:51'),
(1221,2,'404',NULL,'2023-05-25 16:09:51'),
(1222,2,'404',NULL,'2023-05-25 16:11:51'),
(1223,8,'404',NULL,'2023-05-25 16:11:51'),
(1224,2,'404',NULL,'2023-05-25 16:13:50'),
(1225,8,'404',NULL,'2023-05-25 16:13:50'),
(1226,2,'404',NULL,'2023-05-25 16:15:50'),
(1227,8,'404',NULL,'2023-05-25 16:15:50'),
(1228,2,'404',NULL,'2023-05-25 16:17:50'),
(1229,8,'404',NULL,'2023-05-25 16:17:50'),
(1230,2,'404',NULL,'2023-05-25 16:19:50'),
(1231,8,'404',NULL,'2023-05-25 16:19:50'),
(1232,2,'404',NULL,'2023-05-25 16:21:50'),
(1233,8,'404',NULL,'2023-05-25 16:21:50'),
(1234,8,'404',NULL,'2023-05-25 16:23:51'),
(1235,2,'404',NULL,'2023-05-25 16:23:51'),
(1236,2,'404',NULL,'2023-05-25 16:25:51'),
(1237,8,'404',NULL,'2023-05-25 16:25:51'),
(1238,2,'404',NULL,'2023-05-25 16:27:52'),
(1239,8,'404',NULL,'2023-05-25 16:27:52'),
(1240,2,'404',NULL,'2023-05-25 16:29:54'),
(1241,8,'404',NULL,'2023-05-25 16:29:54'),
(1242,2,'404',NULL,'2023-05-25 16:31:56'),
(1243,8,'404',NULL,'2023-05-25 16:31:56'),
(1244,2,'404',NULL,'2023-05-25 16:33:58'),
(1245,8,'404',NULL,'2023-05-25 16:33:58'),
(1246,2,'404',NULL,'2023-05-25 16:36:00'),
(1247,8,'404',NULL,'2023-05-25 16:36:00'),
(1248,2,'404',NULL,'2023-05-25 16:38:02'),
(1249,8,'404',NULL,'2023-05-25 16:38:02'),
(1250,2,'404',NULL,'2023-05-25 16:40:04'),
(1251,8,'404',NULL,'2023-05-25 16:40:04'),
(1252,2,'404',NULL,'2023-05-25 16:42:06'),
(1253,8,'404',NULL,'2023-05-25 16:42:06'),
(1254,8,'404',NULL,'2023-05-25 18:21:45'),
(1255,2,'404',NULL,'2023-05-25 18:21:45'),
(1256,2,'404',NULL,'2023-05-25 18:22:06'),
(1257,8,'404',NULL,'2023-05-25 18:22:06'),
(1258,2,'404',NULL,'2023-05-25 18:23:50'),
(1259,8,'404',NULL,'2023-05-25 18:23:50'),
(1260,2,'404',NULL,'2023-05-25 18:25:50'),
(1261,8,'404',NULL,'2023-05-25 18:25:50'),
(1262,2,'404',NULL,'2023-05-25 18:27:50'),
(1263,8,'404',NULL,'2023-05-25 18:27:50'),
(1264,2,'404',NULL,'2023-05-25 18:29:50'),
(1265,8,'404',NULL,'2023-05-25 18:29:50'),
(1266,2,'404',NULL,'2023-05-25 18:31:50'),
(1267,8,'404',NULL,'2023-05-25 18:31:50'),
(1268,2,'404',NULL,'2023-05-25 18:33:50'),
(1269,8,'404',NULL,'2023-05-25 18:33:50'),
(1270,2,'404',NULL,'2023-05-25 18:35:50'),
(1271,8,'404',NULL,'2023-05-25 18:35:50'),
(1272,2,'404',NULL,'2023-05-25 18:37:50'),
(1273,8,'404',NULL,'2023-05-25 18:37:50'),
(1274,8,'404',NULL,'2023-05-25 18:39:50'),
(1275,2,'404',NULL,'2023-05-25 18:39:50'),
(1276,2,'404',NULL,'2023-05-25 18:41:50'),
(1277,8,'404',NULL,'2023-05-25 18:41:50'),
(1278,8,'404',NULL,'2023-05-25 18:43:50'),
(1279,2,'404',NULL,'2023-05-25 18:43:50'),
(1280,8,'404',NULL,'2023-05-25 18:45:50'),
(1281,2,'404',NULL,'2023-05-25 18:45:50'),
(1282,8,'404',NULL,'2023-05-25 18:47:50'),
(1283,2,'404',NULL,'2023-05-25 18:47:50'),
(1284,2,'404',NULL,'2023-05-25 18:49:50'),
(1285,8,'404',NULL,'2023-05-25 18:49:50'),
(1286,8,'404',NULL,'2023-05-25 18:51:51'),
(1287,2,'404',NULL,'2023-05-25 18:51:51'),
(1288,2,'404',NULL,'2023-05-25 18:53:50'),
(1289,8,'404',NULL,'2023-05-25 18:53:50'),
(1290,2,'404',NULL,'2023-05-25 18:55:50'),
(1291,8,'404',NULL,'2023-05-25 18:55:50'),
(1292,2,'404',NULL,'2023-05-25 18:57:50'),
(1293,8,'404',NULL,'2023-05-25 18:57:50'),
(1294,2,'404',NULL,'2023-05-25 18:59:50'),
(1295,8,'404',NULL,'2023-05-25 18:59:50'),
(1296,2,'404',NULL,'2023-05-25 19:01:50'),
(1297,8,'404',NULL,'2023-05-25 19:01:50'),
(1298,2,'404',NULL,'2023-05-25 19:03:50'),
(1299,8,'404',NULL,'2023-05-25 19:03:50'),
(1300,2,'404',NULL,'2023-05-25 19:05:50'),
(1301,8,'404',NULL,'2023-05-25 19:05:50'),
(1302,2,'404',NULL,'2023-05-25 19:07:50'),
(1303,8,'404',NULL,'2023-05-25 19:07:50'),
(1304,2,'404',NULL,'2023-05-25 19:09:50'),
(1305,8,'404',NULL,'2023-05-25 19:09:50'),
(1306,8,'404',NULL,'2023-05-25 19:10:23'),
(1307,2,'404',NULL,'2023-05-25 19:10:23'),
(1308,2,'404',NULL,'2023-05-25 19:11:37'),
(1309,8,'404',NULL,'2023-05-25 19:11:37'),
(1310,2,'404',NULL,'2023-05-25 19:12:20'),
(1311,8,'404',NULL,'2023-05-25 19:12:20'),
(1312,2,'404',NULL,'2023-05-25 19:12:23'),
(1313,8,'404',NULL,'2023-05-25 19:12:23'),
(1314,2,'404',NULL,'2023-05-25 19:12:25'),
(1315,8,'404',NULL,'2023-05-25 19:12:25'),
(1316,2,'404',NULL,'2023-05-25 19:12:29'),
(1317,8,'404',NULL,'2023-05-25 19:12:29'),
(1318,2,'404',NULL,'2023-05-25 19:14:29'),
(1319,8,'404',NULL,'2023-05-25 19:14:29'),
(1320,2,'404',NULL,'2023-05-25 19:16:19'),
(1321,8,'404',NULL,'2023-05-25 19:16:19'),
(1322,8,'404',NULL,'2023-05-25 19:17:40'),
(1323,2,'404',NULL,'2023-05-25 19:17:40'),
(1324,2,'404',NULL,'2023-05-25 19:18:27'),
(1325,8,'404',NULL,'2023-05-25 19:18:27'),
(1326,2,'404',NULL,'2023-05-25 19:19:00'),
(1327,8,'404',NULL,'2023-05-25 19:19:00'),
(1328,2,'404',NULL,'2023-05-25 19:19:28'),
(1329,8,'404',NULL,'2023-05-25 19:19:28'),
(1330,2,'404',NULL,'2023-05-25 19:19:41'),
(1331,8,'404',NULL,'2023-05-25 19:19:41'),
(1332,2,'404',NULL,'2023-05-25 19:20:52'),
(1333,8,'404',NULL,'2023-05-25 19:20:52'),
(1334,2,'404',NULL,'2023-05-25 19:20:54'),
(1335,8,'404',NULL,'2023-05-25 19:20:54'),
(1336,2,'404',NULL,'2023-05-25 19:21:00'),
(1337,8,'404',NULL,'2023-05-25 19:21:00'),
(1338,2,'404',NULL,'2023-05-25 19:21:05'),
(1339,8,'404',NULL,'2023-05-25 19:21:05'),
(1340,2,'404',NULL,'2023-05-25 19:21:24'),
(1341,8,'404',NULL,'2023-05-25 19:21:24'),
(1342,2,'404',NULL,'2023-05-25 19:21:28'),
(1343,8,'404',NULL,'2023-05-25 19:21:28'),
(1344,2,'404',NULL,'2023-05-25 19:22:27'),
(1345,8,'404',NULL,'2023-05-25 19:22:27'),
(1346,2,'404',NULL,'2023-05-25 19:22:33'),
(1347,8,'404',NULL,'2023-05-25 19:22:33'),
(1348,8,'404',NULL,'2023-05-25 19:22:36'),
(1349,2,'404',NULL,'2023-05-25 19:22:36'),
(1350,2,'404',NULL,'2023-05-25 19:23:12'),
(1351,8,'404',NULL,'2023-05-25 19:23:12'),
(1352,2,'404',NULL,'2023-05-25 19:23:14'),
(1353,8,'404',NULL,'2023-05-25 19:23:14'),
(1354,2,'404',NULL,'2023-05-25 19:23:25'),
(1355,8,'404',NULL,'2023-05-25 19:23:26'),
(1356,8,'404',NULL,'2023-05-25 19:23:29'),
(1357,2,'404',NULL,'2023-05-25 19:23:29'),
(1358,2,'404',NULL,'2023-05-25 19:23:46'),
(1359,8,'404',NULL,'2023-05-25 19:23:46'),
(1360,2,'404',NULL,'2023-05-25 19:23:49'),
(1361,8,'404',NULL,'2023-05-25 19:23:49'),
(1362,2,'404',NULL,'2023-05-25 19:24:00'),
(1363,8,'404',NULL,'2023-05-25 19:24:00'),
(1364,2,'404',NULL,'2023-05-25 19:24:08'),
(1365,8,'404',NULL,'2023-05-25 19:24:08'),
(1366,2,'404',NULL,'2023-05-25 19:24:15'),
(1367,8,'404',NULL,'2023-05-25 19:24:15'),
(1368,2,'404',NULL,'2023-05-25 21:32:52'),
(1369,8,'404',NULL,'2023-05-25 21:32:52'),
(1370,8,'404',NULL,'2023-05-25 21:33:22'),
(1371,2,'404',NULL,'2023-05-25 21:33:22'),
(1372,2,'404',NULL,'2023-05-25 21:33:25'),
(1373,8,'404',NULL,'2023-05-25 21:33:25'),
(1374,2,'404',NULL,'2023-05-25 21:33:29'),
(1375,8,'404',NULL,'2023-05-25 21:33:29'),
(1376,2,'404',NULL,'2023-05-25 21:37:35'),
(1377,8,'404',NULL,'2023-05-25 21:37:35'),
(1378,2,'404',NULL,'2023-05-25 21:37:38'),
(1379,8,'404',NULL,'2023-05-25 21:37:38'),
(1380,2,'404',NULL,'2023-05-25 21:37:44'),
(1381,8,'404',NULL,'2023-05-25 21:37:44'),
(1382,2,'404',NULL,'2023-05-25 21:37:48'),
(1383,8,'404',NULL,'2023-05-25 21:37:48'),
(1384,2,'404',NULL,'2023-05-25 21:37:53'),
(1385,8,'404',NULL,'2023-05-25 21:37:53'),
(1386,2,'404',NULL,'2023-05-25 21:37:55'),
(1387,8,'404',NULL,'2023-05-25 21:37:55'),
(1388,2,'404',NULL,'2023-05-25 21:37:57'),
(1389,8,'404',NULL,'2023-05-25 21:37:57'),
(1390,2,'404',NULL,'2023-05-25 21:38:02'),
(1391,8,'404',NULL,'2023-05-25 21:38:02'),
(1392,2,'404',NULL,'2023-05-25 21:38:04'),
(1393,8,'404',NULL,'2023-05-25 21:38:04'),
(1394,2,'404',NULL,'2023-05-25 21:38:14'),
(1395,8,'404',NULL,'2023-05-25 21:38:14'),
(1396,2,'404',NULL,'2023-05-25 21:38:21'),
(1397,8,'404',NULL,'2023-05-25 21:38:21'),
(1398,8,'404',NULL,'2023-05-25 21:38:23'),
(1399,2,'404',NULL,'2023-05-25 21:38:23'),
(1400,2,'404',NULL,'2023-05-25 21:38:25'),
(1401,8,'404',NULL,'2023-05-25 21:38:25'),
(1402,2,'404',NULL,'2023-05-25 21:38:29'),
(1403,8,'404',NULL,'2023-05-25 21:38:29'),
(1404,2,'404',NULL,'2023-05-25 21:38:31'),
(1405,8,'404',NULL,'2023-05-25 21:38:31'),
(1406,8,'404',NULL,'2023-05-25 21:38:36'),
(1407,2,'404',NULL,'2023-05-25 21:38:36'),
(1408,8,'404',NULL,'2023-05-25 21:40:36'),
(1409,2,'404',NULL,'2023-05-25 21:40:36'),
(1410,8,'404',NULL,'2023-05-25 21:40:55'),
(1411,2,'404',NULL,'2023-05-25 21:40:55'),
(1412,8,'404',NULL,'2023-05-25 21:42:55'),
(1413,2,'404',NULL,'2023-05-25 21:42:55'),
(1414,2,'404',NULL,'2023-05-25 21:43:08'),
(1415,8,'404',NULL,'2023-05-25 21:43:08'),
(1416,2,'404',NULL,'2023-05-25 21:43:08'),
(1417,8,'404',NULL,'2023-05-25 21:43:08'),
(1418,2,'404',NULL,'2023-05-25 21:43:11'),
(1419,8,'404',NULL,'2023-05-25 21:43:11'),
(1420,2,'404',NULL,'2023-05-25 21:43:13'),
(1421,8,'404',NULL,'2023-05-25 21:43:13'),
(1422,2,'404',NULL,'2023-05-25 21:43:14'),
(1423,8,'404',NULL,'2023-05-25 21:43:14'),
(1424,2,'404',NULL,'2023-05-25 21:43:20'),
(1425,8,'404',NULL,'2023-05-25 21:43:20'),
(1426,2,'404',NULL,'2023-05-25 21:43:24'),
(1427,8,'404',NULL,'2023-05-25 21:43:24'),
(1428,2,'404',NULL,'2023-05-25 21:43:25'),
(1429,8,'404',NULL,'2023-05-25 21:43:25'),
(1430,2,'404',NULL,'2023-05-25 21:43:30'),
(1431,8,'404',NULL,'2023-05-25 21:43:30'),
(1432,2,'404',NULL,'2023-05-25 21:45:30'),
(1433,8,'404',NULL,'2023-05-25 21:45:30'),
(1434,2,'404',NULL,'2023-05-25 21:45:57'),
(1435,8,'404',NULL,'2023-05-25 21:45:57'),
(1436,2,'404',NULL,'2023-05-25 21:46:01'),
(1437,8,'404',NULL,'2023-05-25 21:46:01'),
(1438,2,'404',NULL,'2023-05-25 21:46:03'),
(1439,8,'404',NULL,'2023-05-25 21:46:03'),
(1440,2,'404',NULL,'2023-05-25 21:46:05'),
(1441,8,'404',NULL,'2023-05-25 21:46:05'),
(1442,2,'404',NULL,'2023-05-25 21:46:07'),
(1443,8,'404',NULL,'2023-05-25 21:46:07'),
(1444,2,'404',NULL,'2023-05-25 21:46:10'),
(1445,8,'404',NULL,'2023-05-25 21:46:10'),
(1446,2,'404',NULL,'2023-05-25 21:46:12'),
(1447,8,'404',NULL,'2023-05-25 21:46:12'),
(1448,2,'404',NULL,'2023-05-25 21:46:16'),
(1449,8,'404',NULL,'2023-05-25 21:46:16'),
(1450,2,'404',NULL,'2023-05-25 21:46:20'),
(1451,8,'404',NULL,'2023-05-25 21:46:20'),
(1452,2,'404',NULL,'2023-05-25 21:46:23'),
(1453,8,'404',NULL,'2023-05-25 21:46:23'),
(1454,2,'404',NULL,'2023-05-25 21:46:26'),
(1455,8,'404',NULL,'2023-05-25 21:46:26'),
(1456,2,'404',NULL,'2023-05-25 21:48:26'),
(1457,8,'404',NULL,'2023-05-25 21:48:26'),
(1458,2,'404',NULL,'2023-05-25 21:50:26'),
(1459,8,'404',NULL,'2023-05-25 21:50:26'),
(1460,2,'404',NULL,'2023-05-25 21:52:26'),
(1461,8,'404',NULL,'2023-05-25 21:52:26'),
(1462,2,'404',NULL,'2023-05-25 21:54:26'),
(1463,8,'404',NULL,'2023-05-25 21:54:26'),
(1464,2,'404',NULL,'2023-05-25 21:56:26'),
(1465,8,'404',NULL,'2023-05-25 21:56:26'),
(1466,2,'404',NULL,'2023-05-25 21:58:26'),
(1467,8,'404',NULL,'2023-05-25 21:58:26'),
(1468,2,'404',NULL,'2023-05-25 22:00:26'),
(1469,8,'404',NULL,'2023-05-25 22:00:26'),
(1470,2,'404',NULL,'2023-05-25 22:02:26'),
(1471,8,'404',NULL,'2023-05-25 22:02:26'),
(1472,2,'404',NULL,'2023-05-25 22:04:26'),
(1473,8,'404',NULL,'2023-05-25 22:04:26'),
(1474,8,'404',NULL,'2023-05-25 22:07:08'),
(1475,2,'404',NULL,'2023-05-25 22:07:08'),
(1476,2,'404',NULL,'2023-05-25 22:07:18'),
(1477,8,'404',NULL,'2023-05-25 22:07:18'),
(1478,2,'404',NULL,'2023-05-25 22:07:20'),
(1479,8,'404',NULL,'2023-05-25 22:07:20'),
(1480,2,'404',NULL,'2023-05-25 22:07:24'),
(1481,8,'404',NULL,'2023-05-25 22:07:24'),
(1482,2,'404',NULL,'2023-05-25 22:07:31'),
(1483,8,'404',NULL,'2023-05-25 22:07:31'),
(1484,2,'404',NULL,'2023-05-25 22:07:34'),
(1485,8,'404',NULL,'2023-05-25 22:07:34'),
(1486,2,'404',NULL,'2023-05-25 22:07:38'),
(1487,8,'404',NULL,'2023-05-25 22:07:38'),
(1488,2,'404',NULL,'2023-05-25 22:07:40'),
(1489,8,'404',NULL,'2023-05-25 22:07:40'),
(1490,2,'404',NULL,'2023-05-25 22:07:44'),
(1491,8,'404',NULL,'2023-05-25 22:07:44'),
(1492,2,'404',NULL,'2023-05-25 22:07:55'),
(1493,8,'404',NULL,'2023-05-25 22:07:55'),
(1494,2,'404',NULL,'2023-05-25 22:07:57'),
(1495,8,'404',NULL,'2023-05-25 22:07:57'),
(1496,2,'404',NULL,'2023-05-25 22:08:10'),
(1497,8,'404',NULL,'2023-05-25 22:08:11');

/*Table structure for table `menu` */

DROP TABLE IF EXISTS `menu`;

CREATE TABLE `menu` (
  `id` int NOT NULL AUTO_INCREMENT,
  `menu` varchar(50) DEFAULT NULL,
  `url` varchar(50) DEFAULT NULL,
  `activo` int DEFAULT '1',
  PRIMARY KEY (`id`)
) ENGINE=InnoDB AUTO_INCREMENT=6 DEFAULT CHARSET=utf8mb4 COLLATE=utf8mb4_0900_ai_ci;

/*Data for the table `menu` */

insert  into `menu`(`id`,`menu`,`url`,`activo`) values 
(1,'Inicio','home.php',1),
(2,'LIsta de Paginas','paginas.php',0),
(3,'Configuracin de Pagina','listado_asignaciones.php',1),
(4,'Usuarios','listado_usuario.php',1),
(5,'Bitacora','bitacora.php',1);

/*Table structure for table `menu_rol` */

DROP TABLE IF EXISTS `menu_rol`;

CREATE TABLE `menu_rol` (
  `id` int NOT NULL AUTO_INCREMENT,
  `id_menu` int DEFAULT NULL,
  `id_rol_usuario` int DEFAULT NULL,
  `activo` int DEFAULT '1',
  PRIMARY KEY (`id`)
) ENGINE=InnoDB AUTO_INCREMENT=9 DEFAULT CHARSET=utf8mb4 COLLATE=utf8mb4_0900_ai_ci;

/*Data for the table `menu_rol` */

insert  into `menu_rol`(`id`,`id_menu`,`id_rol_usuario`,`activo`) values 
(1,1,1,1),
(2,2,1,1),
(3,3,1,1),
(4,4,1,1),
(5,1,2,1),
(6,2,2,1),
(7,5,1,1),
(8,5,2,1);

/*Table structure for table `notificaciones` */

DROP TABLE IF EXISTS `notificaciones`;

CREATE TABLE `notificaciones` (
  `id` int NOT NULL AUTO_INCREMENT,
  `id_paginas` int DEFAULT NULL,
  `id_usuario` int DEFAULT NULL,
  `estado` int DEFAULT NULL,
  `mensaje` varchar(75) DEFAULT NULL,
  `activo` int DEFAULT '1',
  PRIMARY KEY (`id`)
) ENGINE=InnoDB AUTO_INCREMENT=42 DEFAULT CHARSET=utf8mb4 COLLATE=utf8mb4_0900_ai_ci;

/*Data for the table `notificaciones` */

insert  into `notificaciones`(`id`,`id_paginas`,`id_usuario`,`estado`,`mensaje`,`activo`) values 
(3,3,2,NULL,NULL,1),
(4,4,1,NULL,NULL,1),
(24,2,2,NULL,NULL,1),
(25,2,3,NULL,NULL,1),
(26,2,4,NULL,NULL,1),
(35,1,3,NULL,NULL,1),
(36,2,7,NULL,NULL,1),
(37,2,14,NULL,NULL,1),
(38,2,19,NULL,NULL,1),
(39,5,19,NULL,NULL,1),
(41,8,21,NULL,NULL,1);

/*Table structure for table `paginas` */

DROP TABLE IF EXISTS `paginas`;

CREATE TABLE `paginas` (
  `id` int NOT NULL AUTO_INCREMENT,
  `url` varchar(100) DEFAULT NULL,
  `nombre` varchar(100) DEFAULT NULL,
  `activo` int DEFAULT '1',
  `tiempo_revision_pagina` varchar(75) DEFAULT NULL,
  `id_creado_por` int DEFAULT NULL,
  `fecha_creacion` timestamp NULL DEFAULT CURRENT_TIMESTAMP,
  `id_actualizado_por` int DEFAULT NULL,
  `fecha_actualizacion` timestamp NULL DEFAULT CURRENT_TIMESTAMP,
  PRIMARY KEY (`id`)
) ENGINE=InnoDB AUTO_INCREMENT=9 DEFAULT CHARSET=utf8mb4 COLLATE=utf8mb4_0900_ai_ci;

/*Data for the table `paginas` */

insert  into `paginas`(`id`,`url`,`nombre`,`activo`,`tiempo_revision_pagina`,`id_creado_por`,`fecha_creacion`,`id_actualizado_por`,`fecha_actualizacion`) values 
(2,'www.gol.com.gt','deportes guatemala',1,'2',19,'2023-05-16 17:52:21',1,'2023-05-16 17:52:21'),
(5,'https://www.elgallomasgallo.com.gt/','gallo prueba',1,'1',1,'2023-05-19 13:14:40',NULL,'2023-05-19 13:14:40'),
(8,'www.chapin.com.gt','chapin prueba',1,'2',1,'2023-05-23 13:32:05',1,'2023-05-23 13:32:05');

/*Table structure for table `rol_usuario` */

DROP TABLE IF EXISTS `rol_usuario`;

CREATE TABLE `rol_usuario` (
  `id` int NOT NULL AUTO_INCREMENT,
  `roles` varchar(50) DEFAULT NULL,
  `activo` int DEFAULT '1',
  PRIMARY KEY (`id`)
) ENGINE=InnoDB AUTO_INCREMENT=3 DEFAULT CHARSET=utf8mb4 COLLATE=utf8mb4_0900_ai_ci;

/*Data for the table `rol_usuario` */

insert  into `rol_usuario`(`id`,`roles`,`activo`) values 
(1,'Administracion',1),
(2,'analista ',1);

/*Table structure for table `usuario` */

DROP TABLE IF EXISTS `usuario`;

CREATE TABLE `usuario` (
  `id` int NOT NULL AUTO_INCREMENT,
  `nombres` varchar(50) DEFAULT NULL,
  `apellidos` varchar(50) DEFAULT NULL,
  `correo` varchar(75) DEFAULT NULL,
  `usuario` varchar(50) DEFAULT NULL,
  `clave` varchar(300) DEFAULT NULL,
  `activo` int DEFAULT '1',
  `id_rol` int DEFAULT NULL,
  PRIMARY KEY (`id`)
) ENGINE=InnoDB AUTO_INCREMENT=23 DEFAULT CHARSET=utf8mb4 COLLATE=utf8mb4_0900_ai_ci;

/*Data for the table `usuario` */

insert  into `usuario`(`id`,`nombres`,`apellidos`,`correo`,`usuario`,`clave`,`activo`,`id_rol`) values 
(19,'CHE','guevara','agdfdsf46546','cguevara','$2y$10$/WkG.7JGVLod1cZ/CQVITuesYNnU0/NgZazO8WNjHGbxyUyanZq4O',1,1),
(21,'admin','prueba','ad@prueba','admin','$2y$10$458Lyh//XEAgKK6CE.SVle/iQJcV8qQ9UJ/gol3eymG/FojqxrmCy',1,1),
(22,'usuario','prueba','kjkljkljklj','aprueba','$2y$10$wOUe39VuIvCHLAL5XSypMe1yPkgc3uyH12sJAkDn7xb5E.hCN0ly2',1,2);

/*!40101 SET SQL_MODE=@OLD_SQL_MODE */;
/*!40014 SET FOREIGN_KEY_CHECKS=@OLD_FOREIGN_KEY_CHECKS */;
/*!40014 SET UNIQUE_CHECKS=@OLD_UNIQUE_CHECKS */;
/*!40111 SET SQL_NOTES=@OLD_SQL_NOTES */;
